"","ID","Description","GeneRatio","BgRatio","pvalue","p.adjust","qvalue","geneID","Count"
"GO:0034377","GO:0034377","plasma lipoprotein particle assembly","6/41","19/16650",7.00557190542635e-10,1.10337693104423e-06,1.4210095134448e-07,"205675_AT/204416_X_AT/204450_X_AT/219465_AT/214910_S_AT/205108_S_AT/223579_S_AT/213553_X_AT/219466_S_AT/217073_X_AT/205682_X_AT",6
"GO:0065005","GO:0065005","protein-lipid complex assembly","6/41","21/16650",1.22168238712449e-09,9.62074444998962e-07,1.4210095134448e-07,"205675_AT/204416_X_AT/204450_X_AT/219465_AT/214910_S_AT/205108_S_AT/223579_S_AT/213553_X_AT/219466_S_AT/217073_X_AT/205682_X_AT",6
"GO:0006869","GO:0006869","lipid transport","11/41","312/16650",2.3825249564899e-09,1.2508248206089e-06,1.84750180836585e-07,"205892_S_AT/224411_AT/205216_S_AT/204416_X_AT/204450_X_AT/214910_S_AT/219465_AT/231693_AT/213553_X_AT/219466_S_AT/205682_X_AT/230830_AT/231009_AT/230971_X_AT/205675_AT/205108_S_AT/223579_S_AT/217073_X_AT",11
"GO:0010876","GO:0010876","lipid localization","11/41","342/16650",5.75050448793092e-09,2.26425859661816e-06,3.34437234692825e-07,"205892_S_AT/224411_AT/205216_S_AT/204416_X_AT/204450_X_AT/214910_S_AT/219465_AT/231693_AT/213553_X_AT/219466_S_AT/205682_X_AT/230830_AT/231009_AT/230971_X_AT/205675_AT/205108_S_AT/223579_S_AT/217073_X_AT",11
"GO:0071827","GO:0071827","plasma lipoprotein particle organization","6/41","34/16650",1.63289325988817e-08,5.14360059855612e-06,7.59725074600601e-07,"205675_AT/204416_X_AT/204450_X_AT/219465_AT/214910_S_AT/205108_S_AT/223579_S_AT/213553_X_AT/219466_S_AT/217073_X_AT/205682_X_AT",6
"GO:0071825","GO:0071825","protein-lipid complex subunit organization","6/41","36/16650",2.20456041924766e-08,5.78695442998711e-06,8.5475061869076e-07,"205675_AT/204416_X_AT/204450_X_AT/219465_AT/214910_S_AT/205108_S_AT/223579_S_AT/213553_X_AT/219466_S_AT/217073_X_AT/205682_X_AT",6
"GO:0051346","GO:0051346","negative regulation of hydrolase activity","11/41","401/16650",2.61088732102894e-08,5.87447928612761e-06,8.67678342778039e-07,"205892_S_AT/220626_AT/205506_AT/230318_AT/204416_X_AT/204450_X_AT/219465_AT/210929_S_AT/206054_AT/231693_AT/204987_AT/213553_X_AT/219466_S_AT/204551_S_AT/228912_AT/243243_AT/217073_X_AT/209220_AT",11
"GO:0006641","GO:0006641","triglyceride metabolic process","7/41","103/16650",1.56600333204079e-07,3.0830217762956e-05,4.55377284711861e-06,"205892_S_AT/205216_S_AT/205675_AT/204416_X_AT/204450_X_AT/219465_AT/205108_S_AT/223579_S_AT/231693_AT/213553_X_AT/219466_S_AT/217073_X_AT",7
"GO:0002576","GO:0002576","platelet degranulation","7/41","107/16650",1.96550148480162e-07,3.43956878208207e-05,5.01726505036416e-06,"214064_AT/205216_S_AT/230318_AT/203400_S_AT/204450_X_AT/210929_S_AT/205649_S_AT/206054_AT/214063_S_AT/217073_X_AT/205650_S_AT/204551_S_AT",7
"GO:0097006","GO:0097006","regulation of plasma lipoprotein particle levels","6/41","56/16650",2.15674289495292e-07,3.39681273355819e-05,5.01726505036416e-06,"205675_AT/204416_X_AT/204450_X_AT/219465_AT/214910_S_AT/205108_S_AT/223579_S_AT/213553_X_AT/219466_S_AT/217073_X_AT/205682_X_AT",6
"GO:0034367","GO:0034367","macromolecular complex remodeling","5/41","24/16650",2.93049936121742e-07,4.19585485317286e-05,5.24405148849433e-06,"204416_X_AT/204450_X_AT/219465_AT/214910_S_AT/205108_S_AT/223579_S_AT/213553_X_AT/219466_S_AT/217073_X_AT/205682_X_AT",5
"GO:0034368","GO:0034368","protein-lipid complex remodeling","5/41","24/16650",2.93049936121742e-07,4.19585485317286e-05,5.24405148849433e-06,"204416_X_AT/204450_X_AT/219465_AT/214910_S_AT/205108_S_AT/223579_S_AT/213553_X_AT/219466_S_AT/217073_X_AT/205682_X_AT",5
"GO:0034369","GO:0034369","plasma lipoprotein particle remodeling","5/41","24/16650",2.93049936121742e-07,4.19585485317286e-05,5.24405148849433e-06,"204416_X_AT/204450_X_AT/219465_AT/214910_S_AT/205108_S_AT/223579_S_AT/213553_X_AT/219466_S_AT/217073_X_AT/205682_X_AT",5
"GO:0006639","GO:0006639","acylglycerol metabolic process","7/41","118/16650",3.51516085401661e-07,4.61354300393957e-05,5.7309780958828e-06,"205892_S_AT/205216_S_AT/205675_AT/204416_X_AT/204450_X_AT/219465_AT/205108_S_AT/223579_S_AT/231693_AT/213553_X_AT/219466_S_AT/217073_X_AT",7
"GO:0006638","GO:0006638","neutral lipid metabolic process","7/41","119/16650",3.69531393060316e-07,4.47691556448859e-05,5.7309780958828e-06,"205892_S_AT/205216_S_AT/205675_AT/204416_X_AT/204450_X_AT/219465_AT/205108_S_AT/223579_S_AT/231693_AT/213553_X_AT/219466_S_AT/217073_X_AT",7
"GO:0055088","GO:0055088","lipid homeostasis","7/41","124/16650",4.7137219649724e-07,5.30279785713184e-05,6.85350364644014e-06,"230914_AT/205675_AT/204450_X_AT/219465_AT/214910_S_AT/205108_S_AT/223579_S_AT/206130_S_AT/219466_S_AT/217073_X_AT/205682_X_AT",7
"GO:0055092","GO:0055092","sterol homeostasis","6/41","68/16650",5.7630885280344e-07,6.05106161346569e-05,7.44820213272282e-06,"230914_AT/205675_AT/204450_X_AT/219465_AT/214910_S_AT/205108_S_AT/223579_S_AT/219466_S_AT/217073_X_AT/205682_X_AT",6
"GO:0042632","GO:0042632","cholesterol homeostasis","6/41","68/16650",5.7630885280344e-07,6.05106161346569e-05,7.44820213272282e-06,"230914_AT/205675_AT/204450_X_AT/219465_AT/214910_S_AT/205108_S_AT/223579_S_AT/219466_S_AT/217073_X_AT/205682_X_AT",6
"GO:0045861","GO:0045861","negative regulation of proteolysis","9/41","317/16650",7.15286382177286e-07,7.04085496241458e-05,8.75780002555015e-06,"220626_AT/205892_S_AT/205506_AT/230318_AT/210929_S_AT/206054_AT/231693_AT/204987_AT/204551_S_AT/228912_AT/243243_AT/206651_S_AT/209220_AT",9
"GO:0034381","GO:0034381","plasma lipoprotein particle clearance","5/41","32/16650",9.78088962569165e-07,9.06130043621944e-05,1.13767189856729e-05,"204416_X_AT/204450_X_AT/219465_AT/214910_S_AT/205108_S_AT/223579_S_AT/213553_X_AT/219466_S_AT/217073_X_AT/205682_X_AT",5
"GO:0010466","GO:0010466","negative regulation of peptidase activity","8/41","247/16650",1.78348780040116e-06,0.000156043145701945,1.97569325257472e-05,"205892_S_AT/220626_AT/205506_AT/228912_AT/230318_AT/243243_AT/210929_S_AT/206054_AT/231693_AT/204987_AT/204551_S_AT/209220_AT",8
"GO:0033344","GO:0033344","cholesterol efflux","5/41","39/16650",2.21023921026878e-06,0.000183200616892032,2.2449160871538e-05,"204416_X_AT/204450_X_AT/219465_AT/214910_S_AT/205108_S_AT/223579_S_AT/213553_X_AT/219466_S_AT/217073_X_AT/205682_X_AT",5
"GO:0034375","GO:0034375","high-density lipoprotein particle remodeling","4/41","15/16650",5.72879746210239e-06,0.000429568749291231,5.55291332949398e-05,"204416_X_AT/204450_X_AT/219465_AT/214910_S_AT/213553_X_AT/219466_S_AT/217073_X_AT/205682_X_AT",4
"GO:0061041","GO:0061041","regulation of wound healing","6/41","128/16650",1.31658701092072e-05,0.000901175520205744,0.000117799890450801,"205506_AT/205216_S_AT/228912_AT/206651_S_AT/205649_S_AT/207300_S_AT/206054_AT/205650_S_AT",6
"GO:0007596","GO:0007596","blood coagulation","8/41","342/16650",1.5095496188505e-05,0.000990158883424908,0.000130062559752811,"220626_AT/205216_S_AT/230914_AT/230318_AT/206651_S_AT/205649_S_AT/207300_S_AT/206054_AT/205650_S_AT",8
"GO:0042157","GO:0042157","lipoprotein metabolic process","6/41","137/16650",1.82990507664863e-05,0.0011521864692291,0.000152033466894491,"205675_AT/204416_X_AT/204450_X_AT/219465_AT/214910_S_AT/205108_S_AT/223579_S_AT/213553_X_AT/219466_S_AT/217073_X_AT/205682_X_AT",6
"GO:0010951","GO:0010951","negative regulation of endopeptidase activity","7/41","235/16650",1.90518747409288e-05,0.00115344921019778,0.000152122922895752,"205892_S_AT/220626_AT/205506_AT/228912_AT/230318_AT/210929_S_AT/206054_AT/231693_AT/204987_AT/204551_S_AT",7
"GO:0050817","GO:0050817","coagulation","8/41","358/16650",2.02715840691398e-05,0.00118182215401952,0.000152122922895752,"220626_AT/205216_S_AT/230914_AT/230318_AT/206651_S_AT/205649_S_AT/207300_S_AT/206054_AT/205650_S_AT",8
"GO:0007599","GO:0007599","hemostasis","8/41","358/16650",2.02715840691398e-05,0.00118182215401952,0.000152122922895752,"220626_AT/205216_S_AT/230914_AT/230318_AT/206651_S_AT/205649_S_AT/207300_S_AT/206054_AT/205650_S_AT",8
"GO:1903034","GO:1903034","regulation of response to wounding","6/41","147/16650",2.57039203794627e-05,0.0013950327566209,0.000181198290394299,"205506_AT/205216_S_AT/228912_AT/206651_S_AT/205649_S_AT/207300_S_AT/206054_AT/205650_S_AT",6
"GO:0030301","GO:0030301","cholesterol transport","5/41","73/16650",2.75778081130265e-05,0.00144680725413526,0.000188690266036497,"204416_X_AT/204450_X_AT/219465_AT/214910_S_AT/205108_S_AT/223579_S_AT/213553_X_AT/219466_S_AT/217073_X_AT/205682_X_AT",5
"GO:0072378","GO:0072378","blood coagulation, fibrin clot formation","4/41","25/16650",2.84801291133935e-05,0.00144594851476543,0.000188800309051874,"205216_S_AT/205649_S_AT/207300_S_AT/206054_AT/205650_S_AT",4
"GO:0046486","GO:0046486","glycerolipid metabolic process","8/41","379/16650",2.92170614007878e-05,0.00143701475277713,0.000188800309051874,"205892_S_AT/205216_S_AT/204416_X_AT/204450_X_AT/219465_AT/244276_AT/231693_AT/213553_X_AT/219466_S_AT/205675_AT/205108_S_AT/223579_S_AT/217073_X_AT",8
"GO:0015918","GO:0015918","sterol transport","5/41","75/16650",3.06898466791765e-05,0.00146369291434745,0.000192957499746743,"204416_X_AT/204450_X_AT/219465_AT/214910_S_AT/205108_S_AT/223579_S_AT/213553_X_AT/219466_S_AT/217073_X_AT/205682_X_AT",5
"GO:0052547","GO:0052547","regulation of peptidase activity","8/41","396/16650",3.86489334089778e-05,0.00173772401962857,0.000225718379199273,"205892_S_AT/220626_AT/205506_AT/228912_AT/230318_AT/243243_AT/210929_S_AT/206054_AT/231693_AT/204987_AT/204551_S_AT/209220_AT",8
"GO:0030193","GO:0030193","regulation of blood coagulation","5/41","84/16650",4.79674101599053e-05,0.00198619550316503,0.000259505450314298,"205216_S_AT/206651_S_AT/205649_S_AT/207300_S_AT/206054_AT/205650_S_AT",5
"GO:1900046","GO:1900046","regulation of hemostasis","5/41","84/16650",4.79674101599053e-05,0.00198619550316503,0.000259505450314298,"205216_S_AT/206651_S_AT/205649_S_AT/207300_S_AT/206054_AT/205650_S_AT",5
"GO:0045055","GO:0045055","regulated exocytosis","7/41","288/16650",5.95086873155474e-05,0.00240042132878981,0.000304325522578593,"214064_AT/205216_S_AT/230318_AT/203400_S_AT/204450_X_AT/210929_S_AT/205649_S_AT/206054_AT/214063_S_AT/217073_X_AT/205650_S_AT/204551_S_AT",7
"GO:0001523","GO:0001523","retinoid metabolic process","5/41","89/16650",6.01765852338665e-05,0.00236671923246867,0.000304325522578593,"204450_X_AT/243243_AT/219465_AT/214910_S_AT/205108_S_AT/223579_S_AT/219466_S_AT/217073_X_AT/209220_AT/205682_X_AT",5
"GO:0050818","GO:0050818","regulation of coagulation","5/41","89/16650",6.01765852338665e-05,0.00236671923246867,0.000304325522578593,"205216_S_AT/206651_S_AT/205649_S_AT/207300_S_AT/206054_AT/205650_S_AT",5
"GO:0050892","GO:0050892","intestinal absorption","4/41","33/16650",6.66655532879285e-05,0.00255774159713784,0.000329968360058952,"205892_S_AT/205506_AT/228912_AT/204450_X_AT/219465_AT/231693_AT/219466_S_AT/217073_X_AT",4
"GO:0016101","GO:0016101","diterpenoid metabolic process","5/41","96/16650",8.0889024698808e-05,0.00302886482028308,0.000392027948649925,"204450_X_AT/243243_AT/219465_AT/214910_S_AT/205108_S_AT/223579_S_AT/219466_S_AT/217073_X_AT/209220_AT/205682_X_AT",5
"GO:0015850","GO:0015850","organic hydroxy compound transport","6/41","195/16650",9.87270069061959e-05,0.00360981105331537,0.000468714683700737,"230830_AT/204416_X_AT/204450_X_AT/219465_AT/214910_S_AT/205108_S_AT/223579_S_AT/213553_X_AT/219466_S_AT/217073_X_AT/205682_X_AT",6
"GO:0046464","GO:0046464","acylglycerol catabolic process","4/41","39/16650",0.00011055733008464,0.00394984741313764,0.000504296593368533,"205892_S_AT/204450_X_AT/219465_AT/205108_S_AT/223579_S_AT/231693_AT/219466_S_AT/217073_X_AT",4
"GO:0046461","GO:0046461","neutral lipid catabolic process","4/41","39/16650",0.00011055733008464,0.00394984741313764,0.000504296593368533,"205892_S_AT/204450_X_AT/219465_AT/205108_S_AT/223579_S_AT/231693_AT/219466_S_AT/217073_X_AT",4
"GO:0006721","GO:0006721","terpenoid metabolic process","5/41","106/16650",0.000118890397444572,0.00406267076148414,0.00052184265809832,"204450_X_AT/243243_AT/219465_AT/214910_S_AT/205108_S_AT/223579_S_AT/219466_S_AT/217073_X_AT/209220_AT/205682_X_AT",5
"GO:1900047","GO:1900047","negative regulation of hemostasis","4/41","46/16650",0.00018151039153057,0.00548308224469796,0.000703750816285192,"205216_S_AT/206651_S_AT/205649_S_AT/206054_AT/205650_S_AT",4
"GO:0030195","GO:0030195","negative regulation of blood coagulation","4/41","46/16650",0.00018151039153057,0.00548308224469796,0.000703750816285192,"205216_S_AT/206651_S_AT/205649_S_AT/206054_AT/205650_S_AT",4
"GO:0010873","GO:0010873","positive regulation of cholesterol esterification","3/41","9/16650",0.000200445880167854,0.00593953431967176,0.000732770919694741,"204416_X_AT/204450_X_AT/219465_AT/213553_X_AT/219466_S_AT/217073_X_AT",3
"GO:0034384","GO:0034384","high-density lipoprotein particle clearance","3/41","9/16650",0.000200445880167854,0.00593953431967176,0.000732770919694741,"204450_X_AT/219465_AT/214910_S_AT/219466_S_AT/217073_X_AT/205682_X_AT",3
"GO:0034380","GO:0034380","high-density lipoprotein particle assembly","3/41","9/16650",0.000200445880167854,0.00593953431967176,0.000732770919694741,"204450_X_AT/219465_AT/214910_S_AT/219466_S_AT/217073_X_AT/205682_X_AT",3
"GO:0050819","GO:0050819","negative regulation of coagulation","4/41","50/16650",0.000232806931083248,0.00652706280899296,0.000807004308366644,"205216_S_AT/206651_S_AT/205649_S_AT/206054_AT/205650_S_AT",4
"GO:0046503","GO:0046503","glycerolipid catabolic process","4/41","50/16650",0.000232806931083248,0.00652706280899296,0.000807004308366644,"205892_S_AT/204450_X_AT/219465_AT/205108_S_AT/223579_S_AT/231693_AT/219466_S_AT/217073_X_AT",4
"GO:0052548","GO:0052548","regulation of endopeptidase activity","7/41","372/16650",0.000241237820822307,0.00653022966960193,0.000813326596517618,"205892_S_AT/220626_AT/205506_AT/228912_AT/230318_AT/210929_S_AT/206054_AT/231693_AT/204987_AT/204551_S_AT",7
"GO:0006720","GO:0006720","isoprenoid metabolic process","5/41","128/16650",0.000245796631963147,0.00654084174850655,0.000816857979907602,"204450_X_AT/243243_AT/219465_AT/214910_S_AT/205108_S_AT/223579_S_AT/219466_S_AT/217073_X_AT/209220_AT/205682_X_AT",5
"GO:0050994","GO:0050994","regulation of lipid catabolic process","4/41","54/16650",0.000292666111967336,0.00765416638884098,0.000958920841286601,"205892_S_AT/204416_X_AT/204450_X_AT/219465_AT/231693_AT/213553_X_AT/219466_S_AT/217073_X_AT",4
"GO:0010872","GO:0010872","regulation of cholesterol esterification","3/41","11/16650",0.000305306484441266,0.0078531187929981,0.000986443465811693,"204416_X_AT/204450_X_AT/219465_AT/213553_X_AT/219466_S_AT/217073_X_AT",3
"GO:0034434","GO:0034434","sterol esterification","3/41","12/16650",0.000365811009774258,0.0092514196321507,0.00113465590400156,"204416_X_AT/204450_X_AT/219465_AT/213553_X_AT/219466_S_AT/217073_X_AT",3
"GO:0034433","GO:0034433","steroid esterification","3/41","12/16650",0.000365811009774258,0.0092514196321507,0.00113465590400156,"204416_X_AT/204450_X_AT/219465_AT/213553_X_AT/219466_S_AT/217073_X_AT",3
"GO:0034435","GO:0034435","cholesterol esterification","3/41","12/16650",0.000365811009774258,0.0092514196321507,0.00113465590400156,"204416_X_AT/204450_X_AT/219465_AT/213553_X_AT/219466_S_AT/217073_X_AT",3
"GO:0006887","GO:0006887","exocytosis","7/41","404/16650",0.000375322204925089,0.00934091644722057,0.00114883943612804,"214064_AT/205216_S_AT/230318_AT/203400_S_AT/204450_X_AT/210929_S_AT/205649_S_AT/206054_AT/214063_S_AT/217073_X_AT/205650_S_AT/204551_S_AT",7
"GO:0061045","GO:0061045","negative regulation of wound healing","4/41","60/16650",0.000399759219808189,0.00964162860425444,0.00119226433977881,"205216_S_AT/206651_S_AT/205649_S_AT/206054_AT/205650_S_AT",4
"GO:0015914","GO:0015914","phospholipid transport","4/41","62/16650",0.000440348294118212,0.0103003353194069,0.00128048648684375,"205675_AT/204416_X_AT/204450_X_AT/219465_AT/213553_X_AT/219466_S_AT/217073_X_AT",4
"GO:0033700","GO:0033700","phospholipid efflux","3/41","14/16650",0.000502844281093735,0.0114152005566366,0.00142655437896939,"204416_X_AT/204450_X_AT/219465_AT/213553_X_AT/219466_S_AT/217073_X_AT",3
"GO:1903035","GO:1903035","negative regulation of response to wounding","4/41","68/16650",0.000577725174003631,0.0129184044810019,0.00160439238804856,"205216_S_AT/206651_S_AT/205649_S_AT/206054_AT/205650_S_AT",4
"GO:0051004","GO:0051004","regulation of lipoprotein lipase activity","3/41","15/16650",0.000579323586272739,0.0127726446420627,0.00160439238804856,"205216_S_AT/204416_X_AT/204450_X_AT/213553_X_AT/217073_X_AT",3
"GO:0019216","GO:0019216","regulation of lipid metabolic process","6/41","287/16650",0.000590014480686935,0.0128273943833612,0.00161477647345898,"205892_S_AT/230914_AT/204416_X_AT/204450_X_AT/219465_AT/205108_S_AT/223579_S_AT/231693_AT/213553_X_AT/219466_S_AT/217073_X_AT",6
"GO:0016042","GO:0016042","lipid catabolic process","6/41","294/16650",0.000658000276626347,0.0141008918809484,0.001767675158819,"205892_S_AT/224411_AT/231009_AT/204416_X_AT/204450_X_AT/219465_AT/205108_S_AT/223579_S_AT/231693_AT/213553_X_AT/219466_S_AT/217073_X_AT",6
"GO:0060192","GO:0060192","negative regulation of lipase activity","3/41","16/16650",0.000661078515277785,0.0139763166120045,0.001767675158819,"204416_X_AT/204450_X_AT/219465_AT/213553_X_AT/219466_S_AT/217073_X_AT",3
"GO:0031100","GO:0031100","organ regeneration","4/41","76/16650",0.000799704889518915,0.0160245657245919,0.00202213707761648,"204450_X_AT/219465_AT/206651_S_AT/207300_S_AT/219466_S_AT/217073_X_AT",4
"GO:0019218","GO:0019218","regulation of steroid metabolic process","4/41","76/16650",0.000799704889518915,0.0160245657245919,0.00202213707761648,"204416_X_AT/204450_X_AT/219465_AT/205108_S_AT/223579_S_AT/213553_X_AT/219466_S_AT/217073_X_AT",4
"GO:0043691","GO:0043691","reverse cholesterol transport","3/41","18/16650",0.000840317272282346,0.0166205329169069,0.00210198208459987,"204450_X_AT/219465_AT/214910_S_AT/219466_S_AT/217073_X_AT/205682_X_AT",3
"GO:0031639","GO:0031639","plasminogen activation","3/41","19/16650",0.000937752319431167,0.0180772382549903,0.00229632423927189,"205216_S_AT/206651_S_AT/205649_S_AT/205650_S_AT",3
"GO:0060191","GO:0060191","regulation of lipase activity","4/41","81/16650",0.000962543423264324,0.0183267645561835,0.00233247912874359,"205216_S_AT/204416_X_AT/204450_X_AT/219465_AT/213553_X_AT/219466_S_AT/217073_X_AT",4
"GO:0015748","GO:0015748","organophosphate ester transport","4/41","83/16650",0.00103312665484231,0.0194235302061126,0.00247771015431525,"205675_AT/204416_X_AT/204450_X_AT/219465_AT/213553_X_AT/219466_S_AT/217073_X_AT",4
"GO:0022600","GO:0022600","digestive system process","4/41","86/16650",0.00114501504045794,0.0212522520073912,0.0027180271100022,"205892_S_AT/205506_AT/228912_AT/204450_X_AT/219465_AT/231693_AT/219466_S_AT/217073_X_AT",4
"GO:0006898","GO:0006898","receptor-mediated endocytosis","6/41","335/16650",0.00118124079696997,0.0216625569163454,0.00277569607794113,"214064_AT/204416_X_AT/203400_S_AT/204450_X_AT/205108_S_AT/223579_S_AT/214063_S_AT/206130_S_AT/213553_X_AT/206743_S_AT/217073_X_AT",6
"GO:0009743","GO:0009743","response to carbohydrate","5/41","198/16650",0.00126845071056653,0.0229770071309858,0.00295081691616003,"230914_AT/219465_AT/214910_S_AT/205108_S_AT/206651_S_AT/223579_S_AT/219466_S_AT/205682_X_AT",5
"GO:0042158","GO:0042158","lipoprotein biosynthetic process","4/41","93/16650",0.00143510473712349,0.0256639404319553,0.00330545228665233,"205675_AT/204450_X_AT/219465_AT/205108_S_AT/223579_S_AT/219466_S_AT/217073_X_AT",4
"GO:0045940","GO:0045940","positive regulation of steroid metabolic process","3/41","24/16650",0.0015021159748028,0.0262516481445827,0.00339261758233438,"204416_X_AT/204450_X_AT/219465_AT/213553_X_AT/219466_S_AT/217073_X_AT",3
"GO:1900048","GO:1900048","positive regulation of hemostasis","3/41","25/16650",0.00163025822222413,0.02814902039208,0.00361190042217076,"205216_S_AT/206651_S_AT/207300_S_AT",3
"GO:0030194","GO:0030194","positive regulation of blood coagulation","3/41","25/16650",0.00163025822222413,0.02814902039208,0.00361190042217076,"205216_S_AT/206651_S_AT/207300_S_AT",3
"GO:0050996","GO:0050996","positive regulation of lipid catabolic process","3/41","26/16650",0.00176343462933875,0.0294486645288268,0.00372936892903219,"205892_S_AT/204450_X_AT/219465_AT/231693_AT/219466_S_AT/217073_X_AT",3
"GO:0050820","GO:0050820","positive regulation of coagulation","3/41","26/16650",0.00176343462933875,0.0294486645288268,0.00372936892903219,"205216_S_AT/206651_S_AT/207300_S_AT",3
"GO:0042730","GO:0042730","fibrinolysis","3/41","26/16650",0.00176343462933875,0.0294486645288268,0.00372936892903219,"205216_S_AT/206651_S_AT/205649_S_AT/205650_S_AT",3
"GO:0010631","GO:0010631","epithelial cell migration","5/41","228/16650",0.00212650634090025,0.0350396149314871,0.00441689756897514,"205506_AT/229292_AT/205216_S_AT/228912_AT/204450_X_AT/217073_X_AT/204351_AT",5
"GO:0031647","GO:0031647","regulation of protein stability","5/41","228/16650",0.00212650634090025,0.0350396149314871,0.00441689756897514,"214064_AT/230830_AT/203400_S_AT/204450_X_AT/219465_AT/214063_S_AT/206130_S_AT/219466_S_AT/217073_X_AT",5
"GO:0090132","GO:0090132","epithelium migration","5/41","231/16650",0.00222988611839494,0.036333929699934,0.00459063653623923,"205506_AT/229292_AT/205216_S_AT/228912_AT/204450_X_AT/217073_X_AT/204351_AT",5
"GO:0016485","GO:0016485","protein processing","5/41","236/16650",0.00240983435832742,0.0388108466140983,0.00491568366178795,"205216_S_AT/206256_AT/206651_S_AT/205649_S_AT/207300_S_AT/205650_S_AT",5
"GO:0090130","GO:0090130","tissue migration","5/41","237/16650",0.00244699054468584,0.0389998889036598,0.00491568366178795,"205506_AT/229292_AT/205216_S_AT/228912_AT/204450_X_AT/217073_X_AT/204351_AT",5
"GO:0008203","GO:0008203","cholesterol metabolic process","4/41","115/16650",0.00263280602642496,0.0410734389009871,0.00521345461954228,"204416_X_AT/204450_X_AT/219465_AT/205108_S_AT/223579_S_AT/213553_X_AT/219466_S_AT/217073_X_AT",4
"GO:0019433","GO:0019433","triglyceride catabolic process","3/41","33/16650",0.0028346450367184,0.043300933965655,0.00554141134997582,"205892_S_AT/204450_X_AT/205108_S_AT/223579_S_AT/231693_AT/217073_X_AT",3
"GO:1902652","GO:1902652","secondary alcohol metabolic process","4/41","121/16650",0.00304044599009739,0.0459312828817625,0.00589419792817126,"204416_X_AT/204450_X_AT/219465_AT/205108_S_AT/223579_S_AT/213553_X_AT/219466_S_AT/217073_X_AT",4
"GO:0045834","GO:0045834","positive regulation of lipid metabolic process","4/41","126/16650",0.0034082571937553,0.05086626644782,0.00655263018547126,"205892_S_AT/204416_X_AT/204450_X_AT/219465_AT/231693_AT/213553_X_AT/219466_S_AT/217073_X_AT",4
"GO:0030258","GO:0030258","lipid modification","5/41","262/16650",0.00350936006015369,0.0518476022828942,0.00669170468760971,"205892_S_AT/204416_X_AT/204450_X_AT/219465_AT/244276_AT/231693_AT/213553_X_AT/219466_S_AT/217073_X_AT",5
"GO:0016125","GO:0016125","sterol metabolic process","4/41","129/16650",0.0036414804051641,0.0532515988910365,0.0068768172465322,"204416_X_AT/204450_X_AT/219465_AT/205108_S_AT/223579_S_AT/213553_X_AT/219466_S_AT/217073_X_AT",4
"GO:0032371","GO:0032371","regulation of sterol transport","3/41","38/16650",0.00374566802691583,0.0542334029941637,0.0068768172465322,"204416_X_AT/204450_X_AT/219465_AT/213553_X_AT/219466_S_AT/217073_X_AT",3
"GO:0032374","GO:0032374","regulation of cholesterol transport","3/41","38/16650",0.00374566802691583,0.0542334029941637,0.0068768172465322,"204416_X_AT/204450_X_AT/219465_AT/213553_X_AT/219466_S_AT/217073_X_AT",3
"GO:0031638","GO:0031638","zymogen activation","3/41","38/16650",0.00374566802691583,0.0542334029941637,0.0068768172465322,"205216_S_AT/206651_S_AT/205649_S_AT/205650_S_AT",3
"GO:0032102","GO:0032102","negative regulation of response to external stimulus","5/41","267/16650",0.00375424434748466,0.0538603180400495,0.0068768172465322,"205216_S_AT/204450_X_AT/206651_S_AT/205649_S_AT/206054_AT/217073_X_AT/205650_S_AT",5
"GO:0051604","GO:0051604","protein maturation","5/41","271/16650",0.0039583470977873,0.0561994784955148,0.0071940354326562,"205216_S_AT/206256_AT/206651_S_AT/205649_S_AT/207300_S_AT/205650_S_AT",5
"GO:0008202","GO:0008202","steroid metabolic process","5/41","276/16650",0.00422392973954146,0.0593302078610157,0.00761720499745951,"204416_X_AT/204450_X_AT/219465_AT/205108_S_AT/223579_S_AT/213553_X_AT/219466_S_AT/217073_X_AT/204694_AT",5
"GO:0006066","GO:0006066","alcohol metabolic process","5/41","282/16650",0.00455828789175622,0.0633219008589049,0.00815693622735324,"204416_X_AT/214261_S_AT/204450_X_AT/219465_AT/205108_S_AT/223579_S_AT/213553_X_AT/219466_S_AT/217073_X_AT",5
"GO:0072376","GO:0072376","protein activation cascade","4/41","146/16650",0.00514697469791514,0.0699958594154858,0.00907082462710723,"205216_S_AT/205649_S_AT/207300_S_AT/206054_AT/205650_S_AT",4
"GO:0090303","GO:0090303","positive regulation of wound healing","3/41","50/16650",0.00640947096005702,0.0842981059767122,0.0110447803678176,"205216_S_AT/206651_S_AT/207300_S_AT",3
"GO:0007586","GO:0007586","digestion","4/41","163/16650",0.00697921336517275,0.089972385628226,0.0117954730891977,"205892_S_AT/205506_AT/228912_AT/204450_X_AT/219465_AT/231693_AT/219466_S_AT/217073_X_AT",4
"GO:0009749","GO:0009749","response to glucose","4/41","164/16650",0.00709753962076591,0.0899656879569203,0.0117954730891977,"230914_AT/219465_AT/214910_S_AT/206651_S_AT/219466_S_AT/205682_X_AT",4
"GO:0001667","GO:0001667","ameboidal-type cell migration","5/41","320/16650",0.00709863312607824,0.0892636413698351,0.0117954730891977,"205506_AT/229292_AT/205216_S_AT/228912_AT/204450_X_AT/217073_X_AT/204351_AT",5
"GO:0031099","GO:0031099","regeneration","4/41","168/16650",0.00758279379680657,0.0943277329289872,0.012510619104847,"204450_X_AT/219465_AT/206651_S_AT/207300_S_AT/219466_S_AT/217073_X_AT",4
"GO:0009746","GO:0009746","response to hexose","4/41","169/16650",0.00770710912689968,0.0950566337463004,0.0126261758120447,"230914_AT/219465_AT/214910_S_AT/206651_S_AT/219466_S_AT/205682_X_AT",4
"GO:1903036","GO:1903036","positive regulation of response to wounding","3/41","56/16650",0.00798487711002678,0.0975624357990564,0.0129897522364072,"205216_S_AT/206651_S_AT/207300_S_AT",3
"GO:0034284","GO:0034284","response to monosaccharide","4/41","174/16650",0.00834683605208249,0.100991883967162,0.0134842892361859,"230914_AT/219465_AT/214910_S_AT/206651_S_AT/219466_S_AT/205682_X_AT",4
"GO:0044242","GO:0044242","cellular lipid catabolic process","4/41","182/16650",0.00943395528341377,0.112575724836493,0.0151354200917201,"205892_S_AT/204450_X_AT/219465_AT/205108_S_AT/223579_S_AT/231693_AT/219466_S_AT/217073_X_AT",4
"GO:0046470","GO:0046470","phosphatidylcholine metabolic process","3/41","66/16650",0.0109551540280053,0.127690365210384,0.0173368352322891,"204416_X_AT/204450_X_AT/219465_AT/213553_X_AT/219466_S_AT/217073_X_AT",3
"GO:0030100","GO:0030100","regulation of endocytosis","4/41","202/16650",0.0125010697508122,0.141363754074298,0.0193876239644175,"214064_AT/204416_X_AT/203400_S_AT/243243_AT/210929_S_AT/214063_S_AT/213553_X_AT/204551_S_AT/209220_AT",4
"GO:0043627","GO:0043627","response to estrogen","3/41","77/16650",0.0146982332785626,0.160836630872835,0.0223481909498613,"204450_X_AT/219465_AT/207300_S_AT/219466_S_AT/217073_X_AT",3
"GO:1901615","GO:1901615","organic hydroxy compound metabolic process","5/41","410/16650",0.0164647935666634,0.176085229486873,0.0247111672545508,"204416_X_AT/214261_S_AT/204450_X_AT/219465_AT/205108_S_AT/223579_S_AT/213553_X_AT/219466_S_AT/217073_X_AT",5
"GO:0042180","GO:0042180","cellular ketone metabolic process","4/41","229/16650",0.0174539586163102,0.183255202307527,0.0258598046151425,"205892_S_AT/204416_X_AT/204450_X_AT/231693_AT/213553_X_AT/217073_X_AT/204694_AT",4
"GO:0019217","GO:0019217","regulation of fatty acid metabolic process","3/41","85/16650",0.0177186266413033,0.183369521305685,0.0259239754235553,"205892_S_AT/204416_X_AT/204450_X_AT/231693_AT/213553_X_AT/217073_X_AT",3
"GO:0030282","GO:0030282","bone mineralization","3/41","90/16650",0.0197287489744689,0.195826450072446,0.0279849391743108,"243243_AT/210929_S_AT/206130_S_AT/204551_S_AT/209220_AT",3
"GO:0097164","GO:0097164","ammonium ion metabolic process","3/41","91/16650",0.0201417997859297,0.198295334461578,0.0283976890123794,"204416_X_AT/204450_X_AT/219465_AT/213553_X_AT/219466_S_AT/217073_X_AT",3
"GO:0070371","GO:0070371","ERK1 and ERK2 cascade","4/41","243/16650",0.0203966916989228,0.19933108945073,0.0285838228627897,"204450_X_AT/211155_S_AT/211154_AT/205476_AT/205649_S_AT/217073_X_AT/205650_S_AT",4
"GO:0032368","GO:0032368","regulation of lipid transport","3/41","92/16650",0.0205584816410289,0.199537159277018,0.0286380361970841,"204416_X_AT/204450_X_AT/219465_AT/213553_X_AT/219466_S_AT/217073_X_AT",3
