"","pca_fb","pca_Bcells"
"pca_fb",1,0.883550409560088
"HS834T_SKIN",0.900762722658669,0.872635791037814
"HS606T_BREAST",0.899536395248625,0.877125609074971
"HS281T_BREAST",0.897493744754494,0.882850194741684
"HS688AT_SKIN",0.897336758109255,0.849461892520618
"RS5_PLEURA",0.897206818122907,0.866792662559709
"HS600T_SKIN",0.896332252349588,0.865960284308139
"HS934T_SKIN",0.89539294368793,0.881348869137223
"HS274T_BREAST",0.895008225248391,0.871486874496373
"DM3_PLEURA",0.894775975127486,0.850147093616106
"HS343T_BREAST",0.894744557247349,0.878169153517263
"HS698T_LARGE_INTESTINE",0.893889579217823,0.874521918265079
"HS616T_HAEMATOPOIETIC_AND_LYMPHOID_TISSUE",0.893298791225218,0.869094526080631
"HS863T_BONE",0.893034898780818,0.874837480310426
"HS888T_BONE",0.891909620360196,0.887938997464986
"BJHTERT_SKIN",0.891356321028845,0.857531774377416
"HS737T_BONE",0.891159927039288,0.860410835190788
"HS821T_BONE",0.891005093117358,0.870432607423273
"HS822T_BONE",0.888204842673025,0.852935659618468
"TE125T_SOFT_TISSUE",0.888161173597509,0.869358183413881
"HLFA_LUNG",0.888132850859397,0.876951543408545
"HS618T_LUNG",0.88769625942957,0.881513070377329
"HS940T_SKIN",0.886457743915418,0.869930378505038
"HS742T_BREAST",0.884115451747529,0.866866424655104
"pca_Bcells",0.883550409560088,1
"HS739T_BREAST",0.882398799163924,0.866607917334441
"HS571T_OVARY",0.882217676441058,0.856486229358711
"HS840T_UPPER_AERODIGESTIVE_TRACT",0.879493721734456,0.868206944303297
"HS839T_SKIN",0.877322240655367,0.855237618281905
"TO175T_HAEMATOPOIETIC_AND_LYMPHOID_TISSUE",0.876182856611942,0.8527539631794
"TIG3TD_LUNG",0.876039195470508,0.865599892545571
"HS675T_LARGE_INTESTINE",0.87453970147326,0.862637958203256
"HS229T_LUNG",0.874538377666359,0.879324486190639
"HS819T_BONE",0.874222055665812,0.850364718783933
"TE159T_SOFT_TISSUE",0.869918428379868,0.850908431983309
"SW579_THYROID",0.869632614877135,0.88372783858987
"CAL78_BONE",0.869523646802261,0.895508230564378
"HS895T_SKIN",0.868753794900966,0.865271560631237
"HS751T_HAEMATOPOIETIC_AND_LYMPHOID_TISSUE",0.868634811511956,0.865994915458956
"HS172T_URINARY_TRACT",0.867521471944464,0.86992521285588
"SW1783_CENTRAL_NERVOUS_SYSTEM",0.865483525544432,0.892437863150157
"SNU201_CENTRAL_NERVOUS_SYSTEM",0.864653163939829,0.885026394844112
"CGTHW1_THYROID",0.864188797243423,0.892507562934385
"T173_BONE",0.864186867409096,0.838919047022359
"RH18_SOFT_TISSUE",0.863331744764033,0.868997607456698
"8305C_THYROID",0.863130850661998,0.893264953492934
"HS729_SOFT_TISSUE",0.861567787089396,0.881227487431424
"SNU489_CENTRAL_NERVOUS_SYSTEM",0.861543116316505,0.869921011602347
"SNU1105_CENTRAL_NERVOUS_SYSTEM",0.861083581095179,0.88473776505786
"YH13_CENTRAL_NERVOUS_SYSTEM",0.860937536599013,0.883079073877862
"JL1_PLEURA",0.860415356565428,0.857504094241532
"HS578T_BREAST",0.860135793555251,0.873928531210347
"HS604T_HAEMATOPOIETIC_AND_LYMPHOID_TISSUE",0.858183757632987,0.853250265644909
"HEKTE_KIDNEY",0.855798493838668,0.896221319909894
"U138MG_CENTRAL_NERVOUS_SYSTEM",0.855349073244254,0.881764199925815
"HS255T_LARGE_INTESTINE",0.854900866779984,0.848438617128991
"SW1353_BONE",0.85309923908298,0.883922629231728
"HS870T_BONE",0.851853069722309,0.846681792535529
"CAS1_CENTRAL_NERVOUS_SYSTEM",0.851637121616091,0.882663378407019
"SNU685_ENDOMETRIUM",0.851253258310904,0.89094296921912
"NCIH2052_PLEURA",0.851160360953374,0.884810671883222
"LN382_CENTRAL_NERVOUS_SYSTEM",0.850854745789359,0.864499410206611
"DBTRG05MG_CENTRAL_NERVOUS_SYSTEM",0.850437097931522,0.884017904985785
"HS683_CENTRAL_NERVOUS_SYSTEM",0.850279610798905,0.889688968624459
"SW1088_CENTRAL_NERVOUS_SYSTEM",0.850216741770597,0.888312841308095
"MOGGCCM_CENTRAL_NERVOUS_SYSTEM",0.849845078892125,0.878316722677486
"LN340_CENTRAL_NERVOUS_SYSTEM",0.849765704558759,0.873004385518702
"OUMS27_BONE",0.849424490983819,0.872638127444
"GMS10_CENTRAL_NERVOUS_SYSTEM",0.849238448396096,0.891357123207641
"RERFLCMS_LUNG",0.84910402049778,0.90909438029441
"A172_CENTRAL_NERVOUS_SYSTEM",0.848971964762478,0.888529486144984
"T98G_CENTRAL_NERVOUS_SYSTEM",0.848469157103243,0.887974221732748
"FTC133_THYROID",0.847994721788326,0.873464391873104
"U178_CENTRAL_NERVOUS_SYSTEM",0.847959857242187,0.861970676564681
"U251MG_CENTRAL_NERVOUS_SYSTEM",0.847875892090676,0.887577884980267
"RERFLCSQ1_LUNG",0.847806140332885,0.899237555786041
"OV7_OVARY",0.847651558194483,0.878613087138132
"BECKER_CENTRAL_NERVOUS_SYSTEM",0.846685441282601,0.886423122272282
"ESS1_ENDOMETRIUM",0.84644553590441,0.894146216036617
"SKLMS1_SOFT_TISSUE",0.846236900383759,0.883614193978904
"CALU1_LUNG",0.845728977327523,0.894215431110195
"OELE_OVARY",0.844909201015294,0.876719797036044
"YKG1_CENTRAL_NERVOUS_SYSTEM",0.844392524994074,0.890012972012646
"LN443_CENTRAL_NERVOUS_SYSTEM",0.844305484414051,0.85593531221295
"RPMI7951_SKIN",0.844209370143176,0.889972998231653
"SF126_CENTRAL_NERVOUS_SYSTEM",0.84408861597138,0.876431732066452
"42MGBA_CENTRAL_NERVOUS_SYSTEM",0.843604830525416,0.871049689415616
"SJSA1_BONE",0.843521911467359,0.879005364531596
"NMCG1_CENTRAL_NERVOUS_SYSTEM",0.84299591971453,0.889376868388593
"HS706T_BONE",0.842887209115883,0.857912158569842
"CCFSTTG1_CENTRAL_NERVOUS_SYSTEM",0.842849637317178,0.864249364304189
"TT2609C02_THYROID",0.842005530953225,0.892816129725235
"M059K_CENTRAL_NERVOUS_SYSTEM",0.841894119096028,0.8783625767194
"LN235_CENTRAL_NERVOUS_SYSTEM",0.841531385398594,0.862598108009922
"RERFLCAI_LUNG",0.841401005947236,0.895588285000234
"SNU182_LIVER",0.840950436217218,0.883920322164941
"GAMG_CENTRAL_NERVOUS_SYSTEM",0.840744199995497,0.899833454402975
"H4_CENTRAL_NERVOUS_SYSTEM",0.840361571727412,0.887932264438684
"DKMG_CENTRAL_NERVOUS_SYSTEM",0.840271445891525,0.862218062512268
"G292CLONEA141B1_BONE",0.840121288824255,0.851513418275271
"MDST8_LARGE_INTESTINE",0.839955857201809,0.867466238510956
"A1207_CENTRAL_NERVOUS_SYSTEM",0.839626350412333,0.875377874899584
"HCC2279_LUNG",0.83957477934848,0.888893055321479
"U343_CENTRAL_NERVOUS_SYSTEM",0.839184227751775,0.856314892009
"LN215_CENTRAL_NERVOUS_SYSTEM",0.838792376550366,0.880689947494679
"SF295_CENTRAL_NERVOUS_SYSTEM",0.838473084950409,0.888119756939715
"NCIH2452_PLEURA",0.838416774585104,0.883105726977722
"WM793_SKIN",0.838407326101321,0.880472817730036
"IGR39_SKIN",0.838231213771155,0.886372067902262
"SNU475_LIVER",0.838102518719229,0.913015935877613
"59M_OVARY",0.837700021354837,0.869708346390559
"HCC364_LUNG",0.837675904857905,0.884362094545406
"U118MG_CENTRAL_NERVOUS_SYSTEM",0.837633970687644,0.870121255858748
"MOGGUVW_CENTRAL_NERVOUS_SYSTEM",0.837295455327258,0.887101873387855
"KNS81_CENTRAL_NERVOUS_SYSTEM",0.837106403197398,0.873627906556506
"KS1_CENTRAL_NERVOUS_SYSTEM",0.837036888267979,0.875010177872899
"YD8_UPPER_AERODIGESTIVE_TRACT",0.836848083081355,0.883785706494322
"BT549_BREAST",0.836839933654782,0.877884658514994
"TM31_CENTRAL_NERVOUS_SYSTEM",0.836397452758917,0.880003725826338
"SKNSH_AUTONOMIC_GANGLIA",0.835809478337767,0.871148891265146
"LXF289_LUNG",0.835220646354262,0.898449371988902
"SNU1272_KIDNEY",0.835183528924477,0.902425695170605
"KNS60_CENTRAL_NERVOUS_SYSTEM",0.834978501468095,0.888051708326678
"CH157MN_CENTRAL_NERVOUS_SYSTEM",0.834812196380505,0.861867107790816
"KPNSI9S_AUTONOMIC_GANGLIA",0.83470441033211,0.874076287200305
"NCIH2228_LUNG",0.83445879079874,0.892094135777374
"TUHR4TKB_KIDNEY",0.834302554309763,0.899651299219957
"SLR20_KIDNEY",0.834159329766432,0.877594048036617
"TE8_OESOPHAGUS",0.834053540574547,0.894406041236242
"SNU886_LIVER",0.834030403032148,0.924816152117097
"SNB19_CENTRAL_NERVOUS_SYSTEM",0.833692120259317,0.887783869584021
"HS294T_SKIN",0.833615669635239,0.865607602640463
"NCIH196_LUNG",0.833590430241206,0.874790678560906
"CAL120_BREAST",0.833509184887846,0.886124422922675
"SNU423_LIVER",0.833465285877883,0.919231712756223
"GI1_CENTRAL_NERVOUS_SYSTEM",0.833322147137153,0.880164794808657
"8505C_THYROID",0.833224097064367,0.892293944877128
"SNU466_CENTRAL_NERVOUS_SYSTEM",0.833084443564623,0.845277921530565
"8MGBA_CENTRAL_NERVOUS_SYSTEM",0.833076257808693,0.89222787172151
"SW1710_URINARY_TRACT",0.83292772267872,0.904472301553785
"KALS1_CENTRAL_NERVOUS_SYSTEM",0.832607074428784,0.88150515135421
"SCC15_UPPER_AERODIGESTIVE_TRACT",0.832494108964892,0.885908282505545
"U87MG_CENTRAL_NERVOUS_SYSTEM",0.832277589704098,0.864874704877402
"LMSU_STOMACH",0.832005460855437,0.888920867601325
"MDAMB436_BREAST",0.831962073694979,0.881274738701276
"UOK101_KIDNEY",0.831864752467615,0.881579015712693
"TUHR10TKB_KIDNEY",0.831787989577792,0.899330005428273
"RD_SOFT_TISSUE",0.830975146957763,0.872243729327004
"HS939T_SKIN",0.830948939548275,0.873543223278832
"WM115_SKIN",0.830843202243024,0.86596144578955
"SKOV3_OVARY",0.830652143282388,0.892041993731261
"NCIH1563_LUNG",0.830369764325323,0.873218982565513
"SNU626_CENTRAL_NERVOUS_SYSTEM",0.829909328859758,0.865460154608033
"MG63_BONE",0.829443136207209,0.864555268002375
"COLO818_SKIN",0.829181364616735,0.867005562004762
"SKMEL24_SKIN",0.828862335672059,0.857286896521023
"MPP89_PLEURA",0.828561215000214,0.871280441191215
"SNU410_PANCREAS",0.828436001889777,0.882301461334811
"JHH2_LIVER",0.828347343689337,0.90168893136177
"SNU387_LIVER",0.828329732514617,0.905605669118099
"1321N1_CENTRAL_NERVOUS_SYSTEM",0.828288940017101,0.877418011150506
"NCIH1975_LUNG",0.828177074064032,0.891676201156992
"GOS3_CENTRAL_NERVOUS_SYSTEM",0.827512542033923,0.863031896711047
"ML1_THYROID",0.827482271267621,0.877073868454263
"HOS_BONE",0.82746562718774,0.884873524403611
"HDMYZ_HAEMATOPOIETIC_AND_LYMPHOID_TISSUE",0.827232951908094,0.873070744822706
"JMSU1_URINARY_TRACT",0.827023243019529,0.890996847345943
"ISTMES1_PLEURA",0.826769436417551,0.862929880655345
"LCLC103H_LUNG",0.826727235201928,0.898781669639092
"HS944T_SKIN",0.826587366214682,0.869480053910066
"SKLU1_LUNG",0.826549743405244,0.879802568316393
"LN428_CENTRAL_NERVOUS_SYSTEM",0.826506089717477,0.873997741233283
"T24_URINARY_TRACT",0.82508027190583,0.888595314091842
"SNU738_CENTRAL_NERVOUS_SYSTEM",0.824864758722635,0.864549345310079
"BFTC909_KIDNEY",0.824433975514311,0.877756839709512
"KG1C_CENTRAL_NERVOUS_SYSTEM",0.824302713167879,0.869077838408016
"F5_CENTRAL_NERVOUS_SYSTEM",0.824017823859089,0.847843854642174
"DAOY_CENTRAL_NERVOUS_SYSTEM",0.823833051873009,0.885809543854508
"J82_URINARY_TRACT",0.823543127426234,0.874857334566478
"MSTO211H_PLEURA",0.823264140030022,0.881778473357632
"LN229_CENTRAL_NERVOUS_SYSTEM",0.82323703556537,0.876078538115434
"COLO829_SKIN",0.82299615419757,0.870254110643462
"MDAMB231_BREAST",0.822477954874162,0.888681758915981
"ACHN_KIDNEY",0.822470497798091,0.889716169280432
"WM1799_SKIN",0.822202974478316,0.874362289157633
"S117_SOFT_TISSUE",0.822041411481039,0.869387822958729
"CHP212_AUTONOMIC_GANGLIA",0.821877012820718,0.86847429374229
"143B_BONE",0.821851985798313,0.881422508264037
"PK45H_PANCREAS",0.821823862317167,0.894655209531599
"A498_KIDNEY",0.821818308760124,0.87403890639396
"HCC1359_LUNG",0.821790797675964,0.880488420899261
"JHUEM3_ENDOMETRIUM",0.821519649891414,0.899263573148524
"LOUNH91_LUNG",0.821141380068525,0.871061085286485
"NCIH1792_LUNG",0.821120467197078,0.88844551766681
"SAOS2_BONE",0.82086149140379,0.875712753765903
"SKHEP1_LIVER",0.820633850100403,0.8853414212832
"HCC1395_BREAST",0.820594742877855,0.875195009361258
"HCC1171_LUNG",0.820367830772967,0.900782349917959
"JHOM1_OVARY",0.820247838799869,0.887041964485638
"CAL54_KIDNEY",0.819961442566929,0.889680737365183
"KMRC2_KIDNEY",0.819822736854085,0.883231604902018
"BCPAP_THYROID",0.819773436063278,0.859369538041055
"A2058_SKIN",0.819744732035292,0.876347598059911
"LNZ308_CENTRAL_NERVOUS_SYSTEM",0.819683859837944,0.85268699463775
"NCIH226_LUNG",0.819442484919201,0.866070021649642
"A375_SKIN",0.819396969483074,0.877854219993934
"SNU46_UPPER_AERODIGESTIVE_TRACT",0.819365239402904,0.875617816839875
"LN18_CENTRAL_NERVOUS_SYSTEM",0.819291125354686,0.884085938151457
"GCT_SOFT_TISSUE",0.81916919850521,0.88137485832218
"A549_LUNG",0.81911063027243,0.889652074697521
"RKN_SOFT_TISSUE",0.818963722070851,0.864789652917551
"TUHR14TKB_KIDNEY",0.818871850801343,0.884727960264432
"COV504_OVARY",0.818774630880919,0.8700443862963
"SH4_SKIN",0.818454927376676,0.874681440504968
"HT144_SKIN",0.81830624586343,0.872611391861228
"SKMES1_LUNG",0.81804794047083,0.876065000844028
"KMRC1_KIDNEY",0.818047656375784,0.872631665523998
"NCIH2405_LUNG",0.817803270162219,0.892430214451561
"SKMEL31_SKIN",0.817793119593753,0.856303788152121
"HT1080_SOFT_TISSUE",0.81764032925302,0.87318263319188
"HS852T_SKIN",0.81761822079389,0.861800096582847
"NCIH1650_LUNG",0.817595528322566,0.884268388675642
"COV362_OVARY",0.81737210629514,0.868340239483915
"HCC1438_LUNG",0.817070340453566,0.881219630072438
"A101D_SKIN",0.817059440234189,0.866680123653138
"LN464_CENTRAL_NERVOUS_SYSTEM",0.816834911315019,0.850294151148039
"MKN1_STOMACH",0.816431004970411,0.882861449750837
"OVCAR4_OVARY",0.816399206905079,0.877096481790412
"OSRC2_KIDNEY",0.81630072630838,0.894791558569615
"TCCSUP_URINARY_TRACT",0.816276436634617,0.837591247628869
"HTK_HAEMATOPOIETIC_AND_LYMPHOID_TISSUE",0.816260155401558,0.856792144245457
"CAOV3_OVARY",0.816147772563323,0.863507764984225
"FTC238_THYROID",0.816110560091901,0.888671514645428
"GRM_SKIN",0.815956285419627,0.86696407365145
"HCC4006_LUNG",0.815801718957588,0.882654446979031
"647V_URINARY_TRACT",0.815491019710163,0.8664636744608
"RVH421_SKIN",0.815482781706225,0.861175112147035
"SKRC31_KIDNEY",0.815429690608553,0.873383139608344
"CAKI1_KIDNEY",0.815400121475767,0.875738998526242
"HLF_LIVER",0.815215323514909,0.907774328636895
"HCC2108_LUNG",0.815193957550288,0.877741374037968
"ES2_OVARY",0.815193624523473,0.874263720253461
"NCIH596_LUNG",0.814936574796227,0.880706483130161
"SLR25_KIDNEY",0.814308551049958,0.866208263373919
"NCIH647_LUNG",0.814293744258168,0.885597131823801
"UACC62_SKIN",0.814102665624695,0.865723582494273
"NCIH1755_LUNG",0.814023084539935,0.88612656534911
"NCIH460_LUNG",0.814012912925162,0.882047703873629
"C32_SKIN",0.813942250165694,0.868520467533438
"NUGC2_STOMACH",0.813924008105342,0.843685880335986
"ISTMES2_PLEURA",0.813672358906322,0.865710347910302
"SNU1077_ENDOMETRIUM",0.813534752053725,0.887162198329085
"HS695T_SKIN",0.813501550447283,0.857714087192177
"HS746T_STOMACH",0.813380489687904,0.872978647268024
"SKRC20_KIDNEY",0.81326858829019,0.863929889544399
"GB1_CENTRAL_NERVOUS_SYSTEM",0.813064205957135,0.867798373361877
"IPC298_SKIN",0.813055673247848,0.859697983425246
"SNU119_OVARY",0.813013947319114,0.867918217564504
"RCC10RGB_KIDNEY",0.81297927773193,0.878852737999365
"G361_SKIN",0.812896147989732,0.867695273430674
"WM2664_SKIN",0.812811604367115,0.858747598383735
"COLO849_SKIN",0.812681241175515,0.861944563876719
"NCIH2444_LUNG",0.812608078526024,0.866662209524174
"U2OS_BONE",0.812577011351891,0.871698874628447
"SNU349_KIDNEY",0.812482177649655,0.844432134231653
"K029AX_SKIN",0.812413601242475,0.864855526729274
"SW900_LUNG",0.812373968229564,0.875937515196563
"MDAMB435S_SKIN",0.8122887915019,0.881011160943207
"NCIH1339_LUNG",0.812190289152005,0.886754538268198
"ACCMESO1_PLEURA",0.812063445863894,0.87751883544026
"SLR23_KIDNEY",0.811934940726522,0.872257082492485
"NCIH2009_LUNG",0.811868872381975,0.884955331535435
"NCIH1793_LUNG",0.811810217909819,0.888019686646974
"MDAMB157_BREAST",0.81174559536757,0.868033256688185
"SW1271_LUNG",0.81148662077125,0.875303790415504
"JIMT1_BREAST",0.811314650064809,0.85190590402847
"BC3C_URINARY_TRACT",0.811182234478297,0.879391017094704
"COLO800_SKIN",0.811136145236468,0.860530207678265
"MFE296_ENDOMETRIUM",0.810627671948912,0.853256908632198
"PSN1_PANCREAS",0.810558707985307,0.879396926390845
"HS766T_PANCREAS",0.810205579514797,0.864504110780584
"TOV21G_OVARY",0.810191774243863,0.87358087142576
"PC3_PROSTATE",0.809996580770312,0.873837368342659
"SLR26_KIDNEY",0.809905504212557,0.865829839351456
"NCIH2286_LUNG",0.809574340730039,0.877426122979608
"IGR37_SKIN",0.8095448023925,0.851175536223673
"SCC25_UPPER_AERODIGESTIVE_TRACT",0.809441622589791,0.861258499634912
"SKMEL28_SKIN",0.809408754533135,0.866795042481391
"NCIH1299_LUNG",0.809351819262632,0.876098079725938
"NCIH1734_LUNG",0.80896731793039,0.878960004267052
"KLM1_PANCREAS",0.808804954960223,0.869986536442688
"EFE184_ENDOMETRIUM",0.808403689523665,0.867402388227131
"MALME3M_SKIN",0.808250607314167,0.847080190601553
"BICR31_UPPER_AERODIGESTIVE_TRACT",0.808006871507679,0.859885612284624
"DU145_PROSTATE",0.807949152204961,0.888092588158631
"VMRCRCZ_KIDNEY",0.807851798455584,0.885377758502285
"MKN7_STOMACH",0.807615048042469,0.872106192359167
"TE1_OESOPHAGUS",0.80758720439661,0.872315912103037
"SLR21_KIDNEY",0.807577720551953,0.858403788901528
"NCIH2023_LUNG",0.807559405261749,0.884856520765466
"WM88_SKIN",0.807478342516176,0.867574212344429
"KMRC3_KIDNEY",0.807459728376647,0.87133324859332
"COLO741_SKIN",0.807375785572154,0.864872674408224
"CAL29_URINARY_TRACT",0.807283387212015,0.872534466632921
"IALM_LUNG",0.807166343753767,0.869464590323506
"639V_URINARY_TRACT",0.806854804793732,0.864292851377339
"JHOC5_OVARY",0.806783964559715,0.888344812639243
"HCC38_BREAST",0.806384569459684,0.86930686682778
"OVCAR8_OVARY",0.806278595337734,0.870097014740917
"JHUEM2_ENDOMETRIUM",0.806171685746058,0.85736023543576
"SKNAS_AUTONOMIC_GANGLIA",0.806116943555827,0.85231596802616
"OC315_OVARY",0.805996468220217,0.872119727505428
"HMCB_SKIN",0.805822752491234,0.860794910368273
"786O_KIDNEY",0.805719567650292,0.870880445001478
"PECAPJ49_UPPER_AERODIGESTIVE_TRACT",0.805491050146642,0.86632092033088
"LU99_LUNG",0.80545052009494,0.86888752769707
"HEYA8_OVARY",0.80534829842101,0.858468629744444
"NCIH1703_LUNG",0.805338479415216,0.871081552788332
"EFO27_OVARY",0.805324150101979,0.873163095142322
"MDAMB361_BREAST",0.805302452703244,0.877073428570758
"OC316_OVARY",0.805236558095283,0.876335440264202
"NCIH841_LUNG",0.805158194574084,0.862134410968989
"SNU213_PANCREAS",0.805102977174421,0.892115512246867
"RH30_SOFT_TISSUE",0.804840308466009,0.832347177263748
"PATU8988T_PANCREAS",0.80482825872873,0.873521671686436
"NCIH1651_LUNG",0.804827777546428,0.87440521784609
"5637_URINARY_TRACT",0.80477259072366,0.850807276101074
"HCC44_LUNG",0.804706528883178,0.876574964778355
"LOXIMVI_SKIN",0.804685538586141,0.860050630486145
"SNU878_LIVER",0.804652477692519,0.891173823672999
"MELJUSO_SKIN",0.80448713236679,0.857892876131202
"COLO783_SKIN",0.804404929213646,0.856678327229967
"KURAMOCHI_OVARY",0.804355391567227,0.858524730535794
"SH10TC_STOMACH",0.804329054384807,0.864011544580648
"SNU1214_UPPER_AERODIGESTIVE_TRACT",0.804125307451617,0.85484649465142
"LN319_CENTRAL_NERVOUS_SYSTEM",0.804003568380758,0.850755324622808
"EFO21_OVARY",0.804000859438208,0.866163253333523
"SKMEL30_SKIN",0.803990734963754,0.864855245659061
"HUPT3_PANCREAS",0.803950591190306,0.876363047578523
"ONCODG1_OVARY",0.803823347068997,0.873774755722905
"KYSE520_OESOPHAGUS",0.803821452846054,0.870487068822141
"CORL105_LUNG",0.80377017594013,0.892492713576128
"CAKI2_KIDNEY",0.803680683193944,0.875844666074338
"HDQP1_BREAST",0.803592635801901,0.867068272275429
"IOMMLEE_CENTRAL_NERVOUS_SYSTEM",0.803448689553985,0.837108538347242
"SNU761_LIVER",0.803362354978323,0.91077696954116
"AM38_CENTRAL_NERVOUS_SYSTEM",0.803275296894071,0.858986246136769
"NCIH292_LUNG",0.803158732399591,0.868193754770477
"COLO679_SKIN",0.803141310759181,0.863204315478522
"HUH28_BILIARY_TRACT",0.802989302402757,0.852607755489405
"HLE_LIVER",0.802396223162898,0.892674543901122
"SKUT1_SOFT_TISSUE",0.801873144114567,0.860900743354944
"HCC2814_LUNG",0.801836865792999,0.848897893007458
"HCC827_LUNG",0.801753300996869,0.890193680195738
"CL11_LARGE_INTESTINE",0.801675853567414,0.875259739979999
"SNU449_LIVER",0.801577555148481,0.896705373926522
"KMRC20_KIDNEY",0.801486120329796,0.881975500665448
"MEWO_SKIN",0.801381504543037,0.86978081358711
"SNU840_OVARY",0.801306123522845,0.871863341077678
"OC314_OVARY",0.801176213803633,0.866150081407353
"KNS42_CENTRAL_NERVOUS_SYSTEM",0.801157564692869,0.858403309392397
"NCIH2030_LUNG",0.800974507680693,0.878627304022022
"CAL851_BREAST",0.800737418425305,0.856760427819807
"HK2_KIDNEY",0.800713330009206,0.857640759142878
"BICR16_UPPER_AERODIGESTIVE_TRACT",0.800568835153361,0.845609904245162
"JHH6_LIVER",0.800502973230332,0.892709532614718
"LI7_LIVER",0.80046106886187,0.91011121337184
"SKMEL5_SKIN",0.800437261790353,0.849112593912997
"SW1573_LUNG",0.800430395617025,0.872246384173784
"769P_KIDNEY",0.800246747799388,0.882506386442275
"TOV112D_OVARY",0.799828612205186,0.848421952604187
"A673_BONE",0.799705685640034,0.845978397669179
"COLO680N_OESOPHAGUS",0.799669027199936,0.864992368926684
"KP4_PANCREAS",0.799273240805205,0.870131560737066
"SNU1066_UPPER_AERODIGESTIVE_TRACT",0.798781366221349,0.864998948240112
"UACC257_SKIN",0.798762159365527,0.851796157939771
"RERFLCAD1_LUNG",0.79871684628484,0.878249946457467
"JHESOAD1_OESOPHAGUS",0.798637296541792,0.855733324414743
"NCIH661_LUNG",0.798596932458022,0.860467839945471
"VMRCLCP_LUNG",0.798492326862411,0.875194202327045
"EN_ENDOMETRIUM",0.798247085326979,0.857326136749705
"PC14_LUNG",0.798223179516171,0.878606729340436
"SNU1197_LARGE_INTESTINE",0.798203551304255,0.871973585216648
"PANC0327_PANCREAS",0.798161884273479,0.883936001207801
"BFTC905_URINARY_TRACT",0.798152789096607,0.870464569485135
"HCC366_LUNG",0.797942039044601,0.883130001804622
"SW1990_PANCREAS",0.797845309856155,0.868758183673062
"CALU6_LUNG",0.79766907402761,0.868445917396211
"SNU324_PANCREAS",0.797646157070344,0.870324867208833
"KLE_ENDOMETRIUM",0.797596733246125,0.82746268467175
"FUOV1_OVARY",0.797572601933094,0.870306818225899
"BHT101_THYROID",0.797562517162973,0.88251651284988
"SNU1079_BILIARY_TRACT",0.797525025875849,0.882282941272545
"SNU1041_UPPER_AERODIGESTIVE_TRACT",0.797023141220565,0.857108050710067
"OVSAHO_OVARY",0.796756847605023,0.848484635244087
"DMS273_LUNG",0.796720204020892,0.847919846231705
"TCCPAN2_PANCREAS",0.79634767949453,0.852570823509499
"DANG_PANCREAS",0.796209254026437,0.873469447885299
"NCIH1568_LUNG",0.79600783244692,0.863672132550847
"A204_SOFT_TISSUE",0.795740691380804,0.842365250743843
"CAL62_THYROID",0.795495901532551,0.874096422655201
"GCIY_STOMACH",0.795354716624529,0.875037965097553
"SF172_CENTRAL_NERVOUS_SYSTEM",0.795301176152263,0.855838802716923
"NCIH650_LUNG",0.795266816740774,0.870317911857563
"PECAPJ34CLONEC12_UPPER_AERODIGESTIVE_TRACT",0.795097071353877,0.853227880069825
"NIHOVCAR3_OVARY",0.79499266002039,0.868278294565118
"TE14_OESOPHAGUS",0.794592948883684,0.8696898936352
"UMUC1_URINARY_TRACT",0.794522670756467,0.845954122550508
"UBLC1_URINARY_TRACT",0.794418994440461,0.876660856013674
"RCC4_KIDNEY",0.794315029938956,0.855431195938899
"253JBV_URINARY_TRACT",0.794199842752664,0.878241589938538
"ISHIKAWAHERAKLIO02ER_ENDOMETRIUM",0.794106931082843,0.869858987943668
"MDAMB468_BREAST",0.794082555404281,0.857898993308967
"RH41_SOFT_TISSUE",0.794066307215986,0.837625298034465
"HCC78_LUNG",0.793961752037359,0.870237264627223
"SLR24_KIDNEY",0.793844123376337,0.850638432247452
"CHL1_SKIN",0.793571749856938,0.848058463185836
"DFCI024_LUNG",0.793516460008907,0.829406584049142
"SKMEL3_SKIN",0.793463799562531,0.842476744919124
"HCC1806_BREAST",0.793397827972805,0.860203417021295
"CJM_SKIN",0.79337526459359,0.873210610337549
"AZ521_STOMACH",0.793264629831878,0.859298515159532
"OVKATE_OVARY",0.793250948383767,0.854562745203368
"HCC1897_LUNG",0.793044057435446,0.842255255443669
"LS123_LARGE_INTESTINE",0.7929816126076,0.871313121707208
"UMUC3_URINARY_TRACT",0.792841506747416,0.866914583872723
"KYSE450_OESOPHAGUS",0.79277764792087,0.849454957427123
"WM983B_SKIN",0.792537381248545,0.860519121863344
"SNU8_OVARY",0.7924465340019,0.868615919733208
"SCC4_UPPER_AERODIGESTIVE_TRACT",0.792276076507524,0.863972876257775
"T3M10_LUNG",0.7922197258575,0.819614040721926
"SKMEL2_SKIN",0.792176927034854,0.855221633956065
"YD15_SALIVARY_GLAND",0.791982083752999,0.876103977488592
"HUPT4_PANCREAS",0.791922626869818,0.857277095260055
"RERFLCAD2_LUNG",0.791820487647009,0.860246606889436
"PANC0403_PANCREAS",0.791732446865709,0.868753755878119
"KU1919_URINARY_TRACT",0.791449294260599,0.873281592077028
"PANC1_PANCREAS",0.791400216380652,0.854690784107795
"TE4_OESOPHAGUS",0.791355836474212,0.864156225195029
"JHH4_LIVER",0.791273110017077,0.906154781783826
"ONS76_CENTRAL_NERVOUS_SYSTEM",0.79099004923472,0.867957008592379
"MELHO_SKIN",0.790955435125585,0.850132827710508
"MHHES1_BONE",0.790937604746983,0.842845602673343
"COV318_OVARY",0.790610850323044,0.845175845646747
"JHOS2_OVARY",0.790544120538659,0.85698676073598
"HUCCT1_BILIARY_TRACT",0.789873306435592,0.866275871886421
"LCLC97TM1_LUNG",0.78977291009601,0.867480115247971
"ECGI10_OESOPHAGUS",0.789747347063534,0.869119737477237
"HARA_LUNG",0.78959187221005,0.858963376630095
"PECAPJ41CLONED2_UPPER_AERODIGESTIVE_TRACT",0.789335198279387,0.843911907058254
"PK59_PANCREAS",0.7893107475144,0.853593804390339
"OV56_OVARY",0.789208797355719,0.854696052534129
"G402_SOFT_TISSUE",0.78916842173046,0.836994970566282
"HCC2935_LUNG",0.789018956565316,0.861663689084456
"BICR18_UPPER_AERODIGESTIVE_TRACT",0.788908753248205,0.843747045195549
"KYSE180_OESOPHAGUS",0.788766472835894,0.865986872303034
"KNS62_LUNG",0.788685388012094,0.846367763862815
"DETROIT562_UPPER_AERODIGESTIVE_TRACT",0.78868450705164,0.864908104652137
"VMRCRCW_KIDNEY",0.788422356617723,0.859130341552415
"HLC1_LUNG",0.788365421032027,0.856194374568074
"OAW42_OVARY",0.788344194233191,0.832638644358975
"COLO792_SKIN",0.788328945372841,0.836940304163931
"HEC50B_ENDOMETRIUM",0.788281990440173,0.873404012280093
"HCC1143_BREAST",0.788232445729642,0.867800070569517
"BICR6_UPPER_AERODIGESTIVE_TRACT",0.78804194984818,0.848173365418728
"KYSE150_OESOPHAGUS",0.787998111011263,0.855923927955229
"HCT8_LARGE_INTESTINE",0.787875731400106,0.856203394648536
"CL14_LARGE_INTESTINE",0.787771270679131,0.848831632426887
"SNU1033_LARGE_INTESTINE",0.787654448688746,0.865106352087931
"KYSE510_OESOPHAGUS",0.787413641475817,0.868356510083911
"HCC15_LUNG",0.787395532388854,0.861709160209948
"TYKNU_OVARY",0.787255272489811,0.852872642685697
"TE11_OESOPHAGUS",0.787052123352555,0.867737324066773
"JHOS4_OVARY",0.786936810668875,0.853532372464563
"NCIH23_LUNG",0.786804051099509,0.857129861807289
"KYSE410_OESOPHAGUS",0.786500258544415,0.879199501310054
"SNU1076_UPPER_AERODIGESTIVE_TRACT",0.786381232165377,0.856601063787422
"IGR1_SKIN",0.786361500763003,0.856446762398754
"PK1_PANCREAS",0.786184983028504,0.860629828462862
"HEC1B_ENDOMETRIUM",0.78612851975266,0.874879566885729
"NCIH2291_LUNG",0.785981114528911,0.84919358022819
"KYSE140_OESOPHAGUS",0.785962817666707,0.863217315519762
"HCC1937_BREAST",0.785955604705952,0.861965131780016
"PANC0504_PANCREAS",0.785945999115085,0.863110498921963
"SALE_LUNG",0.785892581829898,0.835153543463038
"FADU_UPPER_AERODIGESTIVE_TRACT",0.785784173749233,0.86183045612394
"A253_SALIVARY_GLAND",0.785702189330228,0.855154895118983
"HSC4_UPPER_AERODIGESTIVE_TRACT",0.785522396028476,0.851441947031618
"NCIH2172_LUNG",0.785345495091069,0.855878386449099
"CAL27_UPPER_AERODIGESTIVE_TRACT",0.785281500879579,0.858955836254021
"IGROV1_OVARY",0.78514675563617,0.857672372794362
"CAL12T_LUNG",0.784842322739085,0.843327745538559
"OAW28_OVARY",0.78470060150624,0.850542299687708
"YAPC_PANCREAS",0.784656486295719,0.863281308845072
"SCABER_URINARY_TRACT",0.784642295652975,0.857095078788572
"SNU668_STOMACH",0.784637922074798,0.847069306820198
"OVK18_OVARY",0.784578323275369,0.84494412553316
"MFE319_ENDOMETRIUM",0.784560627530918,0.850285138149238
"OVISE_OVARY",0.784452219707737,0.857099060986313
"SKMEL1_SKIN",0.78440146172189,0.839302467414727
"HSC2_UPPER_AERODIGESTIVE_TRACT",0.784346128455425,0.853058431753506
"AN3CA_ENDOMETRIUM",0.784168127710138,0.839470500827958
"KYSE270_OESOPHAGUS",0.783952749219463,0.854932171402301
"NCIH3255_LUNG",0.783789059851695,0.859445301336859
"DMS114_LUNG",0.783727133844223,0.836237004657347
"PANC0213_PANCREAS",0.783603470857063,0.864507368089364
"SNU1196_BILIARY_TRACT",0.783274276833176,0.856257212308487
"SNU503_LARGE_INTESTINE",0.78304570240488,0.84923338171633
"KYSE70_OESOPHAGUS",0.782985171379571,0.841573994140684
"NB1_AUTONOMIC_GANGLIA",0.782976234849622,0.835766498454147
"NCIH2347_LUNG",0.782918336423634,0.853153293457868
"NCIH1373_LUNG",0.782910881002011,0.867669210752581
"CAPAN2_PANCREAS",0.782820355089226,0.858092584598307
"RERFGC1B_STOMACH",0.782375470115076,0.854924038260229
"SNGM_ENDOMETRIUM",0.782367327897916,0.850298480188346
"SUIT2_PANCREAS",0.782362672472815,0.873099501759919
"HEC1A_ENDOMETRIUM",0.782341057114048,0.870249308507121
"NCIH1666_LUNG",0.782255341937446,0.860979578195704
"SNU216_STOMACH",0.782170408502645,0.852044615823213
"UMRC2_KIDNEY",0.782075527842759,0.852380690961709
"JHUEM1_ENDOMETRIUM",0.782052063810648,0.845383244805725
"253J_URINARY_TRACT",0.782043548143631,0.861816019068126
"EW8_BONE",0.781976764324193,0.819559379657949
"BICR22_UPPER_AERODIGESTIVE_TRACT",0.781963568536716,0.836870638421732
"HSC3_UPPER_AERODIGESTIVE_TRACT",0.781838570391691,0.845739603622591
"HCC95_LUNG",0.781577088719063,0.855357116238945
"SNU899_UPPER_AERODIGESTIVE_TRACT",0.781222728455959,0.855801485692439
"NCIH838_LUNG",0.780996455775972,0.867543545832353
"KP2_PANCREAS",0.780989425480491,0.869562830548066
"TE441T_SOFT_TISSUE",0.780959794540698,0.829323593100637
"TE15_OESOPHAGUS",0.780834105469962,0.853306594041232
"HCC1195_LUNG",0.780687898350368,0.828580494742942
"EBC1_LUNG",0.780281684626497,0.865105119452768
"HCC827GR5_LUNG",0.78019136384869,0.838452170286924
"NCIH1355_LUNG",0.780121473789194,0.861025281605452
"NCIH2085_LUNG",0.779959344304877,0.845930333042838
"BT20_BREAST",0.779956974282351,0.852607987503109
"HT1197_URINARY_TRACT",0.779942989236985,0.841029400307867
"SU8686_PANCREAS",0.779903623676256,0.857201199279918
"LC1SQSF_LUNG",0.779783996072492,0.857543375137525
"SNU1040_LARGE_INTESTINE",0.779743976317679,0.838939280824044
"NCIH1915_LUNG",0.779743883373361,0.86509196676846
"RT112_URINARY_TRACT",0.779673108664125,0.853518683833692
"NCIH747_LARGE_INTESTINE",0.779594127706019,0.859523663601033
"NCIH1048_LUNG",0.779498940024785,0.854003500252979
"HCC1187_BREAST",0.779447921619153,0.844124436938107
"NCIH28_PLEURA",0.77943735980931,0.862879788738547
"SW1417_LARGE_INTESTINE",0.779422915493131,0.851291816756291
"SQ1_LUNG",0.779369280799037,0.849406480701932
"SF767_CENTRAL_NERVOUS_SYSTEM",0.779086964557921,0.833344278862006
"PECAPJ15_UPPER_AERODIGESTIVE_TRACT",0.779036355828349,0.86054855948336
"BXPC3_PANCREAS",0.779028403264807,0.827866885830738
"CORL23_LUNG",0.779026386345892,0.844661874795826
"LOVO_LARGE_INTESTINE",0.778962099926803,0.860691562551266
"NCIH2122_LUNG",0.778919459266287,0.850152253850385
"KP3_PANCREAS",0.778849264960428,0.866361186646264
"PL45_PANCREAS",0.778663000423942,0.862139019484971
"DLD1_LARGE_INTESTINE",0.778597714216784,0.854665403136641
"L33_PANCREAS",0.778592209839669,0.869056034221753
"TE6_OESOPHAGUS",0.778434958709154,0.8659963072646
"A2780_OVARY",0.778353539040511,0.83888469059033
"YD10B_UPPER_AERODIGESTIVE_TRACT",0.778311036703578,0.859898528840475
"SNU478_BILIARY_TRACT",0.778297204060756,0.861475398253017
"T3M4_PANCREAS",0.77777683887324,0.859020403176519
"COV644_OVARY",0.777720929878201,0.85192435889796
"CAL51_BREAST",0.777652437134086,0.860138394386509
"JHH1_LIVER",0.777530069361844,0.842709827553801
"YD38_UPPER_AERODIGESTIVE_TRACT",0.777235160250308,0.857359643814456
"SNU61_LARGE_INTESTINE",0.776842618182365,0.852572886199595
"BICR56_UPPER_AERODIGESTIVE_TRACT",0.776837286008383,0.829329156321232
"OVTOKO_OVARY",0.776649069080057,0.85307781181303
"NUGC3_STOMACH",0.776535730679075,0.847727312117186
"NCIH522_LUNG",0.776506517425252,0.838619740989244
"EFM192A_BREAST",0.776406788297429,0.846630623308233
"HGC27_STOMACH",0.776401947344404,0.832132236189003
"KMBC2_URINARY_TRACT",0.776386919226159,0.846512764286928
"SCC9_UPPER_AERODIGESTIVE_TRACT",0.776164774723375,0.853119344367728
"TE617T_SOFT_TISSUE",0.776082979814746,0.827094517725991
"EPLC272H_LUNG",0.776060339838854,0.846585355918405
"TE9_OESOPHAGUS",0.775945495434924,0.854765675612726
"HCC1954_BREAST",0.775604569341385,0.852918241186736
"PANC1005_PANCREAS",0.775584288185656,0.861402257245196
"RMUGS_OVARY",0.775493821342411,0.824046328361318
"HUH7_LIVER",0.775257070926139,0.860417965280608
"RT4_URINARY_TRACT",0.774989700142166,0.845170302941338
"MFE280_ENDOMETRIUM",0.774970540195537,0.841513216391298
"CFPAC1_PANCREAS",0.774917399629468,0.865667305945083
"TEN_ENDOMETRIUM",0.774891632001872,0.865589560792419
"KYSE30_OESOPHAGUS",0.774779559189629,0.849325090703078
"ABC1_LUNG",0.774693909493021,0.843085457956423
"HCT116_LARGE_INTESTINE",0.774618771224513,0.854182950212688
"NCIH1869_LUNG",0.774568465987793,0.853258120024581
"NCIH2087_LUNG",0.774224583919996,0.845705048607887
"SNUC5_LARGE_INTESTINE",0.774078620143999,0.862583725041362
"NCIN87_STOMACH",0.773861073338307,0.852225530212188
"MESSA_SOFT_TISSUE",0.773835544475685,0.823503003073206
"SKNMC_BONE",0.773794566851266,0.829279373413411
"NCIH1155_LUNG",0.773716228390177,0.835642095661929
"NCIH1838_LUNG",0.773622348062402,0.853135682077938
"PANC0203_PANCREAS",0.773354257620429,0.871568449844152
"HPAFII_PANCREAS",0.773316535364664,0.850122451463391
"EWS502_BONE",0.773129047749813,0.819684866925805
"CAL148_BREAST",0.772997137365131,0.829274304187583
"VMCUB1_URINARY_TRACT",0.772931382354004,0.856539912199125
"RL952_ENDOMETRIUM",0.772878567195654,0.838177269548197
"NCIH727_LUNG",0.77277631924475,0.855088094578709
"KPL1_BREAST",0.772762218774789,0.854584939698942
"NCIH2170_LUNG",0.772704773077003,0.850164980646157
"SNU81_LARGE_INTESTINE",0.772681197217736,0.847335180309579
"SBC5_LUNG",0.772536115726765,0.841265833764502
"HUH6_LIVER",0.772370909372258,0.854006200252596
"NCIH1341_LUNG",0.772358039308353,0.837242123765892
"HEC6_ENDOMETRIUM",0.7723322445886,0.853630066486216
"SW480_LARGE_INTESTINE",0.772268129021128,0.825264061277827
"HS936T_SKIN",0.772196451071087,0.817723181382651
"HMC18_BREAST",0.771985662904513,0.837186334725759
"HT115_LARGE_INTESTINE",0.771927455667708,0.856236062177765
"RDES_BONE",0.771889835430176,0.816943726967599
"PLCPRF5_LIVER",0.771885538506971,0.859018242247048
"NH6_AUTONOMIC_GANGLIA",0.771852372350975,0.81870507976531
"NCIH358_LUNG",0.771767281707184,0.86575530614233
"UMRC6_KIDNEY",0.771642139278334,0.837605714095741
"CAPAN1_PANCREAS",0.771627489838924,0.859307415094048
"RMGI_OVARY",0.771586338020438,0.829317929877924
"BT483_BREAST",0.771582490282769,0.835760711953828
"TE5_OESOPHAGUS",0.771340451865855,0.845814023905168
"MORCPR_LUNG",0.771328407888381,0.847167766725576
"MKN74_STOMACH",0.77130381878498,0.837171893213566
"NCIH1437_LUNG",0.771264058889905,0.853755044937551
"MIAPACA2_PANCREAS",0.771247304584453,0.853675444048678
"CALU3_LUNG",0.771223665886112,0.864558278587005
"CAL33_UPPER_AERODIGESTIVE_TRACT",0.77108834029072,0.842155531357969
"NCIH1648_LUNG",0.771046001973444,0.860887770231856
"NCIH1781_LUNG",0.771024596245607,0.850761873401484
"HUTU80_SMALL_INTESTINE",0.77092191464816,0.837465002707387
"HEPG2_LIVER",0.77080997353275,0.843672133649138
"HCC70_BREAST",0.770800339310254,0.842779717263303
"ALEXANDERCELLS_LIVER",0.770679244056946,0.86042474087022
"SNU398_LIVER",0.770526978110933,0.847213716777464
"SKES1_BONE",0.770431524088436,0.824959020982856
"C2BBE1_LARGE_INTESTINE",0.770366362958264,0.855191511745242
"CL40_LARGE_INTESTINE",0.770312494964368,0.810222479727833
"SNUC2A_LARGE_INTESTINE",0.770093542902693,0.846695452153573
"LUDLU1_LUNG",0.770053350481024,0.847924885753897
"SJRH30_SOFT_TISSUE",0.769890916634781,0.822991367533043
"KCIMOH1_PANCREAS",0.76972739205347,0.849549685524041
"HCC1428_BREAST",0.769637646739263,0.84019668396702
"OCIAML3_HAEMATOPOIETIC_AND_LYMPHOID_TISSUE",0.769605032686139,0.798964312793861
"HCC1569_BREAST",0.769513520820052,0.833349518096515
"SNU407_LARGE_INTESTINE",0.769499721865814,0.839840504612405
"HT1376_URINARY_TRACT",0.769478436730758,0.839946390310143
"PATU8902_PANCREAS",0.7693385634176,0.850799206250859
"G401_SOFT_TISSUE",0.76929465579135,0.828859936937068
"SNU869_BILIARY_TRACT",0.76926757200363,0.840622074548442
"NCCSTCK140_STOMACH",0.769100162183874,0.827598410962972
"KCL22_HAEMATOPOIETIC_AND_LYMPHOID_TISSUE",0.768544185948295,0.828631813654111
"MDAMB175VII_BREAST",0.768368171740252,0.830335296410772
"PRECLH_PROSTATE",0.768330950622735,0.832142453105215
"SNUC4_LARGE_INTESTINE",0.76820050587317,0.846749838636425
"NCIH1944_LUNG",0.767962760133651,0.865035275524947
"COLO678_LARGE_INTESTINE",0.767548526341611,0.844181341519162
"BHY_UPPER_AERODIGESTIVE_TRACT",0.767483386520517,0.855156531254989
"LC1F_LUNG",0.767407585253168,0.84761440809401
"HCT15_LARGE_INTESTINE",0.767324683036431,0.84269289780225
"CAOV4_OVARY",0.766987559455111,0.841800819728227
"22RV1_PROSTATE",0.766962477397159,0.840967935521024
"TC71_BONE",0.766884017189347,0.822138701111482
"CADOES1_BONE",0.766530813664716,0.813218611676622
"NCIH2342_LUNG",0.766435916258957,0.840832335788845
"HEC151_ENDOMETRIUM",0.766295691328652,0.845359926364318
"TC32_BONE",0.766228730144062,0.782197955324324
"NCIH2126_LUNG",0.765778112541213,0.842279185434427
"HEC251_ENDOMETRIUM",0.765648170841754,0.856487402294829
"GSS_STOMACH",0.765589004089632,0.845871397993778
"SNU308_BILIARY_TRACT",0.765420139014817,0.846069819254995
"MCAS_OVARY",0.765397645456925,0.850057945126705
"MKN45_STOMACH",0.765153455567634,0.851814290136147
"NCIH441_LUNG",0.765035994129075,0.845396487082212
"TE10_OESOPHAGUS",0.764973837388272,0.850188955803556
"SW948_LARGE_INTESTINE",0.764744208065656,0.846602160725421
"ASPC1_PANCREAS",0.764212495642276,0.837289758834602
"BT474_BREAST",0.764175695065009,0.8361235793438
"HEC59_ENDOMETRIUM",0.763887007390692,0.837049182083129
"RT11284_URINARY_TRACT",0.763870768491433,0.846971135058544
"LS411N_LARGE_INTESTINE",0.763839489135683,0.842750310762169
"MDAMB415_BREAST",0.763825610567719,0.837679692772524
"NCIH1435_LUNG",0.763710027018777,0.855998804133791
"CW2_LARGE_INTESTINE",0.763478524847052,0.820463068967953
"SNU5_STOMACH",0.763395678091699,0.837327766311678
"LU65_LUNG",0.763283715637769,0.845328775979681
"LS180_LARGE_INTESTINE",0.76306890531362,0.84288237630331
"HEP3B217_LIVER",0.762929397674178,0.857535221546125
"SW48_LARGE_INTESTINE",0.762585231444596,0.832405514205205
"NCIH1395_LUNG",0.762110391938319,0.830428348889446
"JJN3_HAEMATOPOIETIC_AND_LYMPHOID_TISSUE",0.7617375511294,0.796688936081451
"SW780_URINARY_TRACT",0.761643775780303,0.852163579024711
"LK2_LUNG",0.761511699950071,0.836753056189882
"HMEL_BREAST",0.761490211666857,0.783468764678938
"PANC0813_PANCREAS",0.761265828440224,0.843968107817581
"NCIH1581_LUNG",0.761178406884125,0.830212927947206
"NCIH446_LUNG",0.760799871217028,0.816817187460441
"SKBR3_BREAST",0.760674017090676,0.830343632459154
"NCIH520_LUNG",0.760287753079391,0.830831944593537
"HCC1588_LUNG",0.760127009002377,0.834114908000927
"RERFLCKJ_LUNG",0.760089774108462,0.827361535812734
"CHAGOK1_LUNG",0.759715853019496,0.830224586949632
"COLO320_LARGE_INTESTINE",0.759403415854465,0.835831351114025
"EFM19_BREAST",0.759114780646506,0.826280966950245
"OV90_OVARY",0.758741045302935,0.845198643139259
"T47D_BREAST",0.758609674361959,0.832887108196932
"ECC10_STOMACH",0.758594764514437,0.83232397602414
"CL34_LARGE_INTESTINE",0.758567594086247,0.839976149223417
"JURLMK1_HAEMATOPOIETIC_AND_LYMPHOID_TISSUE",0.758296966609488,0.82500959497401
"SW620_LARGE_INTESTINE",0.758128088691004,0.841724362147817
"COV434_OVARY",0.758126364575638,0.822527714089542
"TT_OESOPHAGUS",0.758085067708951,0.823627333350023
"AGS_STOMACH",0.75801349463524,0.842552486453068
"HCC1419_BREAST",0.757906709833917,0.825145824574145
"HCC2157_BREAST",0.75747895262888,0.821476731014303
"SNU175_LARGE_INTESTINE",0.757108764056877,0.833952255440368
"ZR7530_BREAST",0.756778627605756,0.8283743884512
"HCC1833_LUNG",0.756671855876365,0.816403086224837
"MCF7_BREAST",0.756653493594298,0.827876516196991
"NCIH1623_LUNG",0.75657561055145,0.83707726684032
"HCC202_BREAST",0.756486291902269,0.825865864227191
"COLO201_LARGE_INTESTINE",0.756332917422913,0.838538818986373
"D283MED_CENTRAL_NERVOUS_SYSTEM",0.756266535010452,0.825529016237624
"SW837_LARGE_INTESTINE",0.755915981184312,0.851021356457502
"SKM1_HAEMATOPOIETIC_AND_LYMPHOID_TISSUE",0.755767133039196,0.823821516478652
"HCC1599_BREAST",0.755631548872294,0.84093274541805
"AU565_BREAST",0.755341382680425,0.832308828861912
"HEC265_ENDOMETRIUM",0.755317351276709,0.843207363582723
"HT55_LARGE_INTESTINE",0.755068788107106,0.830775645865462
"HUH1_LIVER",0.754691193255451,0.861789354098588
"MDAPCA2B_PROSTATE",0.754506997046034,0.820619408958615
"NCIH1693_LUNG",0.754338082748486,0.838815535538698
"LNCAPCLONEFGC_PROSTATE",0.75427567605393,0.826096709782702
"SNU601_STOMACH",0.754241389920235,0.83281393805316
"OUMS23_LARGE_INTESTINE",0.754036681547681,0.8259821457965
"THP1_HAEMATOPOIETIC_AND_LYMPHOID_TISSUE",0.753903687022744,0.80782033856778
"QGP1_PANCREAS",0.753626940800555,0.82887860413039
"2313287_STOMACH",0.753409756660705,0.830481968385583
"TGBC11TKB_STOMACH",0.753408293790514,0.832611337922944
"OE19_OESOPHAGUS",0.753192709578603,0.815787354315121
"NCIH2110_LUNG",0.753005776658132,0.843402229611881
"CORL95_LUNG",0.752300748238841,0.811284190954115
"NCIH1573_LUNG",0.752293087597955,0.841562139162436
"NCIH524_LUNG",0.751853590530458,0.813073891389552
"NCIH854_LUNG",0.751769893950272,0.811432145936213
"HCC1500_BREAST",0.751624152125902,0.828406315096756
"NCIH526_LUNG",0.751043199275797,0.816544431011037
"JHH5_LIVER",0.750864155146992,0.854255822722163
"HT29_LARGE_INTESTINE",0.750852681403846,0.837352972531507
"CORL279_LUNG",0.750791252714281,0.811230275809548
"MONOMAC6_HAEMATOPOIETIC_AND_LYMPHOID_TISSUE",0.750338199192473,0.804353596328947
"IMR32_AUTONOMIC_GANGLIA",0.750219152318586,0.804458119895089
"COLO684_ENDOMETRIUM",0.750193623232546,0.799911543417643
"VCAP_PROSTATE",0.750181186568419,0.825591445868762
"CAMA1_BREAST",0.750035377237514,0.819850103898395
"RCM1_LARGE_INTESTINE",0.750025531783603,0.835508247411203
"TF1_HAEMATOPOIETIC_AND_LYMPHOID_TISSUE",0.749790675429264,0.81166535140915
"UACC893_BREAST",0.749659505594046,0.819276911305031
"JHOM2B_OVARY",0.74929057803326,0.843702549846748
"DEL_HAEMATOPOIETIC_AND_LYMPHOID_TISSUE",0.749259156528374,0.815297648752436
"SNU620_STOMACH",0.749134620185539,0.837049592008303
"NCIH1930_LUNG",0.749089460582341,0.815774455499177
"T84_LARGE_INTESTINE",0.749030476673244,0.843286459121825
"MOLM6_HAEMATOPOIETIC_AND_LYMPHOID_TISSUE",0.748891830243666,0.797422360866422
"YMB1_BREAST",0.748733417258693,0.817012335075001
"NCIH2106_LUNG",0.748690953166868,0.789916033929233
"SKNBE2_AUTONOMIC_GANGLIA",0.748157548768938,0.803835933040058
"NCIH322_LUNG",0.748141361422765,0.829229942924411
"SKNDZ_AUTONOMIC_GANGLIA",0.748130228465175,0.809970557975183
"NCIH2066_LUNG",0.747854742420519,0.836315672930333
"HCC2218_BREAST",0.747754712468883,0.808638985288317
"NCIH2196_LUNG",0.747553055030727,0.8204765256581
"MOLM16_HAEMATOPOIETIC_AND_LYMPHOID_TISSUE",0.747501439015795,0.801501964869305
"SHSY5Y_AUTONOMIC_GANGLIA",0.746732746947043,0.811365722839628
"RCHACV_HAEMATOPOIETIC_AND_LYMPHOID_TISSUE",0.746702609613005,0.804026215373334
"SW1463_LARGE_INTESTINE",0.746638359474891,0.830639626035021
"HEC108_ENDOMETRIUM",0.746615071154292,0.829129363618531
"OE33_OESOPHAGUS",0.746551811257213,0.849183983642003
"DMS79_LUNG",0.746400007078295,0.800191125620638
"SNU16_STOMACH",0.746362553667638,0.829727553039777
"NUGC4_STOMACH",0.746324752917141,0.820523990253674
"ECC12_STOMACH",0.746309467478244,0.825910140453974
"SKNFI_AUTONOMIC_GANGLIA",0.746194621185142,0.79272299023921
"DMS153_LUNG",0.746180427236585,0.815675520094652
"LAMA84_HAEMATOPOIETIC_AND_LYMPHOID_TISSUE",0.7460717721364,0.802079380582098
"LS1034_LARGE_INTESTINE",0.745777471587853,0.827198912942448
"NCIH684_LIVER",0.745587234070122,0.826289609622112
"GSU_STOMACH",0.745314376304894,0.827517449238808
"OCUM1_STOMACH",0.744910862995758,0.824659378075714
"KPNRTBM1_AUTONOMIC_GANGLIA",0.744888077322704,0.801547218990949
"PATU8988S_PANCREAS",0.744866199866576,0.833037453816666
"LP1_HAEMATOPOIETIC_AND_LYMPHOID_TISSUE",0.744857050587619,0.795312925248913
"DMS53_LUNG",0.744675248125105,0.825443802355654
"NCIH211_LUNG",0.744598519276944,0.822664622991374
"SIMA_AUTONOMIC_GANGLIA",0.744385570100945,0.794847611529249
"IM95_STOMACH",0.744225569495736,0.816883733787349
"COLO704_OVARY",0.744167969874507,0.821001160128804
"NCIH2141_LUNG",0.743982655736986,0.81183730959152
"NCIH1618_LUNG",0.743820967502375,0.814972479329324
"KYM1_SOFT_TISSUE",0.743816050879529,0.807957074477359
"SEM_HAEMATOPOIETIC_AND_LYMPHOID_TISSUE",0.74360584365685,0.8099753156749
"NCIH660_PROSTATE",0.743601131271054,0.825355813462603
"GP2D_LARGE_INTESTINE",0.743480929370262,0.828358504314698
"HUG1N_STOMACH",0.743106209590394,0.827195185920464
"OCIAML5_HAEMATOPOIETIC_AND_LYMPHOID_TISSUE",0.743004308070977,0.796295195712512
"SNU1_STOMACH",0.74295410933508,0.817499207239358
"SUPHD1_HAEMATOPOIETIC_AND_LYMPHOID_TISSUE",0.742269778339674,0.788551175689972
"KELLY_AUTONOMIC_GANGLIA",0.742070585402548,0.801848846217828
"NCIH82_LUNG",0.74200518322,0.811609554275848
"NCIH716_LARGE_INTESTINE",0.741415831827733,0.819196551878994
"SHP77_LUNG",0.740904842576,0.816534205632573
"KYO1_HAEMATOPOIETIC_AND_LYMPHOID_TISSUE",0.740734310132569,0.790358494049491
"NCIH1184_LUNG",0.740628015194885,0.814590259549436
"C3A_LIVER",0.740599417592908,0.821642626763566
"SW403_LARGE_INTESTINE",0.740580215012044,0.822687531258566
"MEG01_HAEMATOPOIETIC_AND_LYMPHOID_TISSUE",0.740572126547415,0.803487008540211
"NCIH209_LUNG",0.740198872985253,0.813378431193546
"F36P_HAEMATOPOIETIC_AND_LYMPHOID_TISSUE",0.739998703246418,0.7894376712243
"CCK81_LARGE_INTESTINE",0.739918302959901,0.82567583340902
"DV90_LUNG",0.739885705532021,0.820358540516952
"SET2_HAEMATOPOIETIC_AND_LYMPHOID_TISSUE",0.739637623937151,0.799823834232569
"KATOIII_STOMACH",0.739614772574781,0.821727420250732
"NCIH1876_LUNG",0.739588669890159,0.81944885751633
"CHP126_AUTONOMIC_GANGLIA",0.739221506293489,0.790302340829888
"L1236_HAEMATOPOIETIC_AND_LYMPHOID_TISSUE",0.739082385848143,0.803699912905291
"HEL9217_HAEMATOPOIETIC_AND_LYMPHOID_TISSUE",0.738809552644871,0.795614977633285
"MJ_HAEMATOPOIETIC_AND_LYMPHOID_TISSUE",0.738664908354708,0.804048104774543
"K562_HAEMATOPOIETIC_AND_LYMPHOID_TISSUE",0.738646916443921,0.793660381750154
"HDLM2_HAEMATOPOIETIC_AND_LYMPHOID_TISSUE",0.738634282853475,0.792941200754082
"MOLP8_HAEMATOPOIETIC_AND_LYMPHOID_TISSUE",0.738628022731067,0.799222388832768
"MDAMB453_BREAST",0.738586228305802,0.821403161288264
"FU97_STOMACH",0.738518542910946,0.809649087585512
"MONOMAC1_HAEMATOPOIETIC_AND_LYMPHOID_TISSUE",0.738192893821364,0.790031455332565
"OCIM1_HAEMATOPOIETIC_AND_LYMPHOID_TISSUE",0.737990279257788,0.798987670209732
"A704_KIDNEY",0.737927818536696,0.834830026125418
"KU812_HAEMATOPOIETIC_AND_LYMPHOID_TISSUE",0.73746463012418,0.800023625562167
"JURKAT_HAEMATOPOIETIC_AND_LYMPHOID_TISSUE",0.73739968973626,0.802520612630178
"ZR751_BREAST",0.737362235322978,0.829177305168585
"EVSAT_BREAST",0.737247493128687,0.815790580255464
"JHH7_LIVER",0.737132492239101,0.828966770725592
"NOMO1_HAEMATOPOIETIC_AND_LYMPHOID_TISSUE",0.73711904285315,0.799698746726419
"RI1_HAEMATOPOIETIC_AND_LYMPHOID_TISSUE",0.736671554141336,0.776943130174583
"NCIH2227_LUNG",0.736645506178684,0.793679647801137
"KE39_STOMACH",0.73634752293472,0.814786308538169
"L428_HAEMATOPOIETIC_AND_LYMPHOID_TISSUE",0.736050066856203,0.804998549867588
"NCO2_HAEMATOPOIETIC_AND_LYMPHOID_TISSUE",0.735924680031647,0.797547600297298
"SNU283_LARGE_INTESTINE",0.735670362912299,0.811981777034361
"HCC56_LARGE_INTESTINE",0.735626985806941,0.823287915888605
"SKCO1_LARGE_INTESTINE",0.73515926879848,0.822370657912915
"UACC812_BREAST",0.73500106874019,0.812207673647946
"KPNYN_AUTONOMIC_GANGLIA",0.734800878711936,0.788004812262086
"RKO_LARGE_INTESTINE",0.734789286577952,0.815365530105787
"TT_THYROID",0.734537116568874,0.793226915264077
"COLO205_LARGE_INTESTINE",0.734517327102961,0.817148033631273
"VMRCLCD_LUNG",0.73444550186357,0.817343924465071
"KMS11_HAEMATOPOIETIC_AND_LYMPHOID_TISSUE",0.734368487616643,0.809095810803965
"SR786_HAEMATOPOIETIC_AND_LYMPHOID_TISSUE",0.73386243761979,0.796117767742109
"KMS20_HAEMATOPOIETIC_AND_LYMPHOID_TISSUE",0.733496407494843,0.806125279826085
"HPAC_PANCREAS",0.733481704005404,0.832323789419364
"SUPT11_HAEMATOPOIETIC_AND_LYMPHOID_TISSUE",0.733356870912911,0.791946709552176
"SNU245_BILIARY_TRACT",0.733347049876831,0.816393587885
"COLO668_LUNG",0.733267161505823,0.810449416477273
"NCIH146_LUNG",0.73319100128945,0.791330494024079
"NCIH2171_LUNG",0.732386863359085,0.796272525986216
"CORL47_LUNG",0.731812775536001,0.792039896034763
"KMS28BM_HAEMATOPOIETIC_AND_LYMPHOID_TISSUE",0.731517034605394,0.803309652576041
"BDCM_HAEMATOPOIETIC_AND_LYMPHOID_TISSUE",0.731484941253225,0.794542988708433
"KOPN8_HAEMATOPOIETIC_AND_LYMPHOID_TISSUE",0.730979932303885,0.756197259821979
"NUDHL1_HAEMATOPOIETIC_AND_LYMPHOID_TISSUE",0.730976237221326,0.769747786126717
"NCIH810_LUNG",0.730943314662446,0.813619235558216
"GRANTA519_HAEMATOPOIETIC_AND_LYMPHOID_TISSUE",0.730703684300395,0.794266143907081
"SCLC21H_LUNG",0.730684832443376,0.801990108725005
"MHHNB11_AUTONOMIC_GANGLIA",0.730626794637069,0.783271839565858
"NCIH510_LUNG",0.730000298972708,0.811564650436427
"M07E_HAEMATOPOIETIC_AND_LYMPHOID_TISSUE",0.729819942431653,0.793156611413105
"BEN_LUNG",0.729817179510364,0.818428917462954
"CORL51_LUNG",0.7297895396882,0.798602082365106
"OCIAML2_HAEMATOPOIETIC_AND_LYMPHOID_TISSUE",0.729659424786874,0.781361275846617
"NCIH1694_LUNG",0.729468021943457,0.801866469207456
"HEL_HAEMATOPOIETIC_AND_LYMPHOID_TISSUE",0.729420817583605,0.791502380173199
"NCIH1963_LUNG",0.729240747260684,0.804028448853521
"SUDHL1_HAEMATOPOIETIC_AND_LYMPHOID_TISSUE",0.728546832709101,0.799197448412582
"CORL311_LUNG",0.728441745045521,0.797486049065356
"KM12_LARGE_INTESTINE",0.728221937172267,0.815918854526322
"SW1116_LARGE_INTESTINE",0.728116535552665,0.8215265338581
"MUTZ5_HAEMATOPOIETIC_AND_LYMPHOID_TISSUE",0.727955948858501,0.780065864610865
"NCIH889_LUNG",0.727764849263007,0.798598922014667
"MOLM13_HAEMATOPOIETIC_AND_LYMPHOID_TISSUE",0.727596147780691,0.783160982310385
"SUPM2_HAEMATOPOIETIC_AND_LYMPHOID_TISSUE",0.727473005584133,0.802139878226599
"SKMM2_HAEMATOPOIETIC_AND_LYMPHOID_TISSUE",0.727469297316942,0.795261619260046
"NALM19_HAEMATOPOIETIC_AND_LYMPHOID_TISSUE",0.727342359441665,0.781698952314201
"NCIH508_LARGE_INTESTINE",0.727201583767273,0.81106262632858
"EHEB_HAEMATOPOIETIC_AND_LYMPHOID_TISSUE",0.727088033827467,0.791185436181276
"EOL1_HAEMATOPOIETIC_AND_LYMPHOID_TISSUE",0.727071600263521,0.784216011793632
"HCC33_LUNG",0.726724131091861,0.799890733334899
"MV411_HAEMATOPOIETIC_AND_LYMPHOID_TISSUE",0.726713971483474,0.781411298347076
"DND41_HAEMATOPOIETIC_AND_LYMPHOID_TISSUE",0.726467188850368,0.773579960783623
"KASUMI6_HAEMATOPOIETIC_AND_LYMPHOID_TISSUE",0.726233531639813,0.782145653245484
"GDM1_HAEMATOPOIETIC_AND_LYMPHOID_TISSUE",0.726148589790556,0.783241431753482
"CORL24_LUNG",0.726060162558245,0.792706758252671
"KASUMI2_HAEMATOPOIETIC_AND_LYMPHOID_TISSUE",0.726001194165014,0.783964902091842
"RPMI8226_HAEMATOPOIETIC_AND_LYMPHOID_TISSUE",0.725948050167364,0.797317635630657
"NB4_HAEMATOPOIETIC_AND_LYMPHOID_TISSUE",0.725813187656443,0.792476829956797
"DMS454_LUNG",0.72568296235099,0.813790381955433
"NCIH1436_LUNG",0.725672315481044,0.808582239353523
"P31FUJ_HAEMATOPOIETIC_AND_LYMPHOID_TISSUE",0.72561961734278,0.7827653633398
"OCILY19_HAEMATOPOIETIC_AND_LYMPHOID_TISSUE",0.725575637701635,0.782100164723251
"EM2_HAEMATOPOIETIC_AND_LYMPHOID_TISSUE",0.725560809800396,0.79417654666892
"ME1_HAEMATOPOIETIC_AND_LYMPHOID_TISSUE",0.7254995716369,0.751420161123872
"REC1_HAEMATOPOIETIC_AND_LYMPHOID_TISSUE",0.725411776038444,0.794263540072208
"JEKO1_HAEMATOPOIETIC_AND_LYMPHOID_TISSUE",0.725408858874483,0.774765335307925
"JK1_HAEMATOPOIETIC_AND_LYMPHOID_TISSUE",0.725244677747809,0.775915493656679
"RPMI8402_HAEMATOPOIETIC_AND_LYMPHOID_TISSUE",0.724915530691116,0.791383369415531
"KMM1_HAEMATOPOIETIC_AND_LYMPHOID_TISSUE",0.724848953949646,0.802918410210523
"HUT78_HAEMATOPOIETIC_AND_LYMPHOID_TISSUE",0.72478051716507,0.791446691037094
"LS513_LARGE_INTESTINE",0.724774801295386,0.812328420332729
"KMS34_HAEMATOPOIETIC_AND_LYMPHOID_TISSUE",0.724600939958079,0.796929587010189
"MM1S_HAEMATOPOIETIC_AND_LYMPHOID_TISSUE",0.724383686893878,0.797041622052352
"KIJK_HAEMATOPOIETIC_AND_LYMPHOID_TISSUE",0.724237691160174,0.782914756137192
"OPM2_HAEMATOPOIETIC_AND_LYMPHOID_TISSUE",0.724182048485326,0.798290648151521
"KMS18_HAEMATOPOIETIC_AND_LYMPHOID_TISSUE",0.724035415709571,0.804054304842994
"A4FUK_HAEMATOPOIETIC_AND_LYMPHOID_TISSUE",0.723684131826944,0.799090884637352
"UT7_HAEMATOPOIETIC_AND_LYMPHOID_TISSUE",0.7235867463388,0.778933392958197
"REH_HAEMATOPOIETIC_AND_LYMPHOID_TISSUE",0.723480632618034,0.790273184199029
"RS411_HAEMATOPOIETIC_AND_LYMPHOID_TISSUE",0.723236805326965,0.784593072937377
"AMO1_HAEMATOPOIETIC_AND_LYMPHOID_TISSUE",0.723042106193769,0.793164581022808
"KMS26_HAEMATOPOIETIC_AND_LYMPHOID_TISSUE",0.72297773154026,0.786339716221091
"L540_HAEMATOPOIETIC_AND_LYMPHOID_TISSUE",0.722207801599438,0.783931899652353
"SIGM5_HAEMATOPOIETIC_AND_LYMPHOID_TISSUE",0.72165006194195,0.793180517506654
"EJM_HAEMATOPOIETIC_AND_LYMPHOID_TISSUE",0.721226871854908,0.789948361500351
"SNU520_STOMACH",0.721196420227409,0.798952299536965
"U937_HAEMATOPOIETIC_AND_LYMPHOID_TISSUE",0.721182739105651,0.781100967358195
"MOLP2_HAEMATOPOIETIC_AND_LYMPHOID_TISSUE",0.72086442366248,0.772391318820405
"SNUC1_LARGE_INTESTINE",0.720338998391258,0.797699198608653
"HPBALL_HAEMATOPOIETIC_AND_LYMPHOID_TISSUE",0.720117436219789,0.777649316647596
"JVM3_HAEMATOPOIETIC_AND_LYMPHOID_TISSUE",0.71994302651427,0.786815319045795
"KARPAS299_HAEMATOPOIETIC_AND_LYMPHOID_TISSUE",0.719798473657807,0.788672561040345
"BCP1_HAEMATOPOIETIC_AND_LYMPHOID_TISSUE",0.719595193687505,0.790729490553708
"NCIH2081_LUNG",0.719525413429727,0.808764614348928
"MOLT13_HAEMATOPOIETIC_AND_LYMPHOID_TISSUE",0.719417265884704,0.785533017428921
"CMK_HAEMATOPOIETIC_AND_LYMPHOID_TISSUE",0.719266583812227,0.778409402653716
"CPCN_LUNG",0.71925814514944,0.791124492983257
"PFEIFFER_HAEMATOPOIETIC_AND_LYMPHOID_TISSUE",0.719240957894202,0.791048116211046
"CORL88_LUNG",0.719237310144102,0.806419381606056
"L363_HAEMATOPOIETIC_AND_LYMPHOID_TISSUE",0.719215440009204,0.787425078421845
"CMLT1_HAEMATOPOIETIC_AND_LYMPHOID_TISSUE",0.719029147998041,0.778195764971858
"CMK86_HAEMATOPOIETIC_AND_LYMPHOID_TISSUE",0.719022103208776,0.782956562768987
"697_HAEMATOPOIETIC_AND_LYMPHOID_TISSUE",0.7189663233068,0.783087500476554
"KE37_HAEMATOPOIETIC_AND_LYMPHOID_TISSUE",0.718857506129212,0.784956386519254
"NALM1_HAEMATOPOIETIC_AND_LYMPHOID_TISSUE",0.718428745635364,0.780361327509602
"JVM2_HAEMATOPOIETIC_AND_LYMPHOID_TISSUE",0.717949174313326,0.780824044846311
"KG1_HAEMATOPOIETIC_AND_LYMPHOID_TISSUE",0.717385454369158,0.782127422799896
"MHHCALL2_HAEMATOPOIETIC_AND_LYMPHOID_TISSUE",0.717061799339441,0.785708850250739
"COLO677_HAEMATOPOIETIC_AND_LYMPHOID_TISSUE",0.717042062451853,0.790902649284682
"CMK115_HAEMATOPOIETIC_AND_LYMPHOID_TISSUE",0.716930883860832,0.786843365579757
"MEC1_HAEMATOPOIETIC_AND_LYMPHOID_TISSUE",0.716846922241195,0.786082731932063
"PCM6_HAEMATOPOIETIC_AND_LYMPHOID_TISSUE",0.716373323840115,0.765810593037846
"HUT102_HAEMATOPOIETIC_AND_LYMPHOID_TISSUE",0.716166787684433,0.776856290088508
"MDAMB134VI_BREAST",0.715957226196891,0.790750158776297
"A3KAW_HAEMATOPOIETIC_AND_LYMPHOID_TISSUE",0.715775463230564,0.789038703521
"NALM6_HAEMATOPOIETIC_AND_LYMPHOID_TISSUE",0.71553864330772,0.779601137840345
"SUPB15_HAEMATOPOIETIC_AND_LYMPHOID_TISSUE",0.714523553426361,0.778921204469515
"KO52_HAEMATOPOIETIC_AND_LYMPHOID_TISSUE",0.714321665802882,0.779146777881581
"OVMANA_OVARY",0.714140444575154,0.801183927640673
"HS611T_HAEMATOPOIETIC_AND_LYMPHOID_TISSUE",0.71404298340089,0.778648337649022
"D341MED_CENTRAL_NERVOUS_SYSTEM",0.71368652142844,0.769639784007056
"SNU719_STOMACH",0.713229366650224,0.797941581671624
"LOUCY_HAEMATOPOIETIC_AND_LYMPHOID_TISSUE",0.712831941765565,0.783150276440648
"MEC2_HAEMATOPOIETIC_AND_LYMPHOID_TISSUE",0.712498212344536,0.775065107318336
"NCIH2029_LUNG",0.711547405003483,0.787640613080047
"AML193_HAEMATOPOIETIC_AND_LYMPHOID_TISSUE",0.710746684575047,0.776407642531137
"KMH2_HAEMATOPOIETIC_AND_LYMPHOID_TISSUE",0.710355615966159,0.781486019903677
"PL21_HAEMATOPOIETIC_AND_LYMPHOID_TISSUE",0.709784745647818,0.766185651931568
"MOLT16_HAEMATOPOIETIC_AND_LYMPHOID_TISSUE",0.708927659781526,0.771192358431395
"KARPAS620_HAEMATOPOIETIC_AND_LYMPHOID_TISSUE",0.708924179361302,0.786523373445529
"NCIH1836_LUNG",0.708762609808492,0.789465140078109
"COLO775_HAEMATOPOIETIC_AND_LYMPHOID_TISSUE",0.708686171080964,0.772483388006521
"MHHCALL4_HAEMATOPOIETIC_AND_LYMPHOID_TISSUE",0.708450092136211,0.771221768062648
"PF382_HAEMATOPOIETIC_AND_LYMPHOID_TISSUE",0.708356031332621,0.777575946655311
"MINO_HAEMATOPOIETIC_AND_LYMPHOID_TISSUE",0.70832411170999,0.774634656350497
"MHHCALL3_HAEMATOPOIETIC_AND_LYMPHOID_TISSUE",0.707981870407483,0.771611159549723
"HH_HAEMATOPOIETIC_AND_LYMPHOID_TISSUE",0.707964916531267,0.777795570714266
"KMS27_HAEMATOPOIETIC_AND_LYMPHOID_TISSUE",0.707334102862813,0.774166613227942
"KASUMI1_HAEMATOPOIETIC_AND_LYMPHOID_TISSUE",0.707145799541883,0.782984898998699
"NCIH1385_LUNG",0.706858856392981,0.778940239120367
"NCIH69_LUNG",0.705661516189832,0.78235405815571
"KMS21BM_HAEMATOPOIETIC_AND_LYMPHOID_TISSUE",0.704874817295958,0.768973632638427
"MOLT4_HAEMATOPOIETIC_AND_LYMPHOID_TISSUE",0.704805042881022,0.780266286220745
"NAMALWA_HAEMATOPOIETIC_AND_LYMPHOID_TISSUE",0.704401235129306,0.773751709404005
"PEER_HAEMATOPOIETIC_AND_LYMPHOID_TISSUE",0.703401182841494,0.775767522555569
"U266B1_HAEMATOPOIETIC_AND_LYMPHOID_TISSUE",0.703153340506375,0.770961746786101
"MOTN1_HAEMATOPOIETIC_AND_LYMPHOID_TISSUE",0.703038431267666,0.757245196743422
"NCIH929_HAEMATOPOIETIC_AND_LYMPHOID_TISSUE",0.701247549583342,0.767895087835396
"KMS12BM_HAEMATOPOIETIC_AND_LYMPHOID_TISSUE",0.699849490471546,0.778320616659235
"JM1_HAEMATOPOIETIC_AND_LYMPHOID_TISSUE",0.699779594509296,0.775437948257942
"DU4475_BREAST",0.699388287396002,0.764878676682384
"SUPT1_HAEMATOPOIETIC_AND_LYMPHOID_TISSUE",0.698691188294794,0.76993608011779
"SUDHL8_HAEMATOPOIETIC_AND_LYMPHOID_TISSUE",0.698550795609657,0.759807485220732
"WSUDLCL2_HAEMATOPOIETIC_AND_LYMPHOID_TISSUE",0.697731622794212,0.752666592760682
"NCIH1105_LUNG",0.697500308977379,0.782765532547982
"EB2_HAEMATOPOIETIC_AND_LYMPHOID_TISSUE",0.697457202808206,0.756868522256192
"NCIH1092_LUNG",0.697222886364673,0.783044009081237
"TOLEDO_HAEMATOPOIETIC_AND_LYMPHOID_TISSUE",0.697186945501189,0.776494132366854
"BV173_HAEMATOPOIETIC_AND_LYMPHOID_TISSUE",0.695545742750602,0.760325686181629
"EB1_HAEMATOPOIETIC_AND_LYMPHOID_TISSUE",0.695381920575228,0.75444971780626
"P12ICHIKAWA_HAEMATOPOIETIC_AND_LYMPHOID_TISSUE",0.69504420031396,0.768492824231382
"ALLSIL_HAEMATOPOIETIC_AND_LYMPHOID_TISSUE",0.694993963569735,0.759730557377642
"DOHH2_HAEMATOPOIETIC_AND_LYMPHOID_TISSUE",0.69342691760894,0.758839014117309
"NUDUL1_HAEMATOPOIETIC_AND_LYMPHOID_TISSUE",0.693308422971769,0.764660823500339
"HT_HAEMATOPOIETIC_AND_LYMPHOID_TISSUE",0.692678497346972,0.762686759440369
"KE97_HAEMATOPOIETIC_AND_LYMPHOID_TISSUE",0.691616811612656,0.763412361286129
"OCILY3_HAEMATOPOIETIC_AND_LYMPHOID_TISSUE",0.690739605484139,0.765597654902245
"CA46_HAEMATOPOIETIC_AND_LYMPHOID_TISSUE",0.690535716874124,0.747292654015673
"SUDHL4_HAEMATOPOIETIC_AND_LYMPHOID_TISSUE",0.690500487757773,0.743366961928622
"SUDHL5_HAEMATOPOIETIC_AND_LYMPHOID_TISSUE",0.688872199162934,0.758190026458905
"SUDHL10_HAEMATOPOIETIC_AND_LYMPHOID_TISSUE",0.688867071862188,0.73872349334085
"MC116_HAEMATOPOIETIC_AND_LYMPHOID_TISSUE",0.688162950468067,0.750855144044191
"HL60_HAEMATOPOIETIC_AND_LYMPHOID_TISSUE",0.687995399057461,0.76033155681402
"RAJI_HAEMATOPOIETIC_AND_LYMPHOID_TISSUE",0.687864369605259,0.754792723169397
"CI1_HAEMATOPOIETIC_AND_LYMPHOID_TISSUE",0.686970131090964,0.755432029217708
"HUNS1_HAEMATOPOIETIC_AND_LYMPHOID_TISSUE",0.6866573144709,0.750590974928616
"BL41_HAEMATOPOIETIC_AND_LYMPHOID_TISSUE",0.685863294591686,0.766426892387816
"KARPAS422_HAEMATOPOIETIC_AND_LYMPHOID_TISSUE",0.685111055105692,0.74840445790191
"RL_HAEMATOPOIETIC_AND_LYMPHOID_TISSUE",0.681574894256658,0.748522741551569
"ST486_HAEMATOPOIETIC_AND_LYMPHOID_TISSUE",0.680725178243379,0.755743960402731
"SUDHL6_HAEMATOPOIETIC_AND_LYMPHOID_TISSUE",0.679243971389424,0.754556243255765
"TALL1_HAEMATOPOIETIC_AND_LYMPHOID_TISSUE",0.678809004393249,0.752500535961531
"GA10_HAEMATOPOIETIC_AND_LYMPHOID_TISSUE",0.677650225462528,0.753240072269451
"OCILY10_HAEMATOPOIETIC_AND_LYMPHOID_TISSUE",0.676516075071116,0.737787973947384
"KHM1B_HAEMATOPOIETIC_AND_LYMPHOID_TISSUE",0.675410811764955,0.745188810221241
"DB_HAEMATOPOIETIC_AND_LYMPHOID_TISSUE",0.672673526425569,0.737829569509876
"P3HR1_HAEMATOPOIETIC_AND_LYMPHOID_TISSUE",0.670973964692374,0.737349960328112
"BL70_HAEMATOPOIETIC_AND_LYMPHOID_TISSUE",0.66653726393809,0.741530173873174
"DAUDI_HAEMATOPOIETIC_AND_LYMPHOID_TISSUE",0.664026104703719,0.737092323083376
